,acousticness,album,artist,danceability,duration_ms,energy,genre,id,instrumentalness,key,liveness,loudness,mode,popularity,speechiness,tempo,time_signature,title,type,valence
0,0.0567,JACKBOYS,Travis Scott,0.559,244874.0,0.491,rap,7h0d2h0fUmzbs7zeFigJPn,0.0,2.0,0.0992,-6.406,0.0,82.0,0.0346,153.131,4.0,b'HIGHEST IN THE ROOM (feat. ROSAL\xc3\x8dA & Lil Baby) - REMIX',audio_features,0.114
1,0.9,JACKBOYS,Travis Scott,0.413,46837.0,0.13,rap,62zKJrpbLxz6InR3tGyr7o,0.82,0.0,0.111,-25.166,0.0,68.0,0.0336,123.342,1.0,b'JACKBOYS',audio_features,0.0676
2,0.071,JACKBOYS,Travis Scott,0.859,244761.0,0.6,rap,6uJONCdr2rC65BNmCnTBWK,0.0,7.0,0.353,-4.63,0.0,79.0,0.301,123.017,4.0,b'GANG GANG',audio_features,0.568
3,0.253,JACKBOYS,Travis Scott,0.75,157133.0,0.789,rap,7LGWmZaoS7jZJ5tEi9EcDi,0.0,2.0,0.129,-4.578,1.0,76.0,0.108,147.957,4.0,b'HAD ENOUGH (feat. Quavo & Offset)',audio_features,0.673
4,0.0104,JACKBOYS,Travis Scott,0.802,157712.0,0.591,rap,6gi6y1xwmVszDWkUqab1qw,0.0,8.0,0.196,-4.895,1.0,88.0,0.225,139.864,4.0,b'OUT WEST (feat. Young Thug)',audio_features,0.309
5,0.0695,JACKBOYS,Travis Scott,0.643,250142.0,0.594,rap,4AO1XhrgJczQ9bNVxdfKQe,1.46e-05,9.0,0.115,-5.191,0.0,78.0,0.0312,118.037,4.0,b'WHAT TO DO? (feat. Don Toliver)',audio_features,0.195
6,0.135,JACKBOYS,Travis Scott,0.594,181145.0,0.676,rap,40mjsnRjCpycdUw3xhS20g,0.0,2.0,0.163,-5.808,1.0,81.0,0.344,143.477,4.0,b'GATTI',audio_features,0.472
7,0.104,Antisocial (with Travis Scott) [MK Remix],Travis Scott,0.796,179502.0,0.868,rap,1qf82BwoRe9zdLvyvx7oGP,0.00024,10.0,0.115,-5.774,0.0,63.0,0.0992,124.981,4.0,b'Antisocial (with Travis Scott) - MK Remix',audio_features,0.586
8,0.383,Antisocial (with Travis Scott) [Steel Banglez & Zeph Ellis Remix],Travis Scott,0.748,188312.0,0.566,rap,72McVYThUxWasGByny8wE5,6.19e-06,10.0,0.236,-10.174,0.0,49.0,0.0998,142.035,4.0,b'Antisocial (with Travis Scott) - Steel Banglez & Zeph Ellis Remix',audio_features,0.701
9,0.174,Antisocial (with Travis Scott) [Ghali Remix],Travis Scott,0.705,226386.0,0.844,rap,3GUEsjyYsxsgk06bkiyYsa,0.0,5.0,0.366,-4.703,0.0,55.0,0.0683,152.033,4.0,b'Antisocial (with Travis Scott) - Ghali Remix',audio_features,0.934
10,0.188,Hot (Remix) [feat. Gunna and Travis Scott],Travis Scott,0.845,279907.0,0.631,rap,56AMYGJzxBO6p8v0wEe9de,0.0,7.0,0.0806,-8.206,0.0,79.0,0.216,111.983,4.0,b'Hot (Remix) [feat. Gunna and Travis Scott]',audio_features,0.545
11,0.0546,HIGHEST IN THE ROOM,Travis Scott,0.598,175721.0,0.427,rap,3eekarcy7kvN4yt5ZFzltW,5.83e-06,7.0,0.21,-8.764,0.0,91.0,0.0317,76.469,4.0,b'HIGHEST IN THE ROOM',audio_features,0.0605
12,0.133,Antisocial (with Travis Scott),Travis Scott,0.715,161747.0,0.823,rap,7mb1IkA4MKjjh8KHSzOEB2,0.0,5.0,0.361,-5.313,0.0,64.0,0.0495,151.956,4.0,b'Antisocial (with Travis Scott)',audio_features,0.91
13,0.0247,The London,Travis Scott,0.796,200107.0,0.586,rap,7DcvwMAiqKJQD1rrdfxSDx,0.0,4.0,0.132,-6.946,0.0,80.0,0.147,97.981,4.0,b'The London (feat. J. Cole & Travis Scott)',audio_features,0.179
14,0.765,Care Package,Drake,0.423,253803.0,0.587,canadian hip hop,1qyFlfPREPbRcS2BNszdYI,0.0,6.0,0.114,-6.635,1.0,62.0,0.529,180.331,4.0,b'Dreams Money Can Buy',audio_features,0.33
15,0.371,Care Package,Drake,0.631,240957.0,0.788,canadian hip hop,0Tacxc5lDJ8LwiO1pWNSl8,0.000317,4.0,0.108,-7.142,0.0,66.0,0.102,157.769,4.0,b'The Motion',audio_features,0.544
16,0.205,Care Package,Drake,0.789,235566.0,0.404,canadian hip hop,4n4BflhWjCHIxrI4v7Xt9s,0.0,1.0,0.219,-8.364,1.0,66.0,0.23,122.062,4.0,b'How Bout Now',audio_features,0.472
17,0.779,Care Package,Drake,0.421,281519.0,0.539,canadian hip hop,4Wjhj0WjkyECccfHVIgaTq,0.0,11.0,0.111,-5.456,0.0,69.0,0.274,89.177,3.0,b'Trust Issues',audio_features,0.523
18,0.348,Care Package,Drake,0.733,353698.0,0.361,canadian hip hop,4czcw3NVLY0of5hTD7OufN,0.000285,1.0,0.0942,-11.129,1.0,60.0,0.135,94.902,4.0,b'Days in The East',audio_features,0.0361
19,0.0322,Care Package,Drake,0.673,266325.0,0.81,canadian hip hop,3W3FVHEDetkiRkkGKDmdir,0.0,8.0,0.133,-3.793,1.0,58.0,0.36,166.084,4.0,b'Draft Day',audio_features,0.564
20,0.115,Care Package,Drake,0.743,240218.0,0.66,canadian hip hop,6C9SwoZ5OrxcvkntgA5t8s,0.0,4.0,0.101,-4.802,0.0,61.0,0.418,192.031,4.0,b'4pm in Calabasas',audio_features,0.549
21,0.0678,Care Package,Drake,0.555,205264.0,0.88,canadian hip hop,0FnxK9FEAQyPJ284QcieNb,0.0,11.0,0.0723,-4.325,0.0,60.0,0.265,87.195,4.0,b'5 Am in Toronto',audio_features,0.391
22,0.706,Care Package,Drake,0.477,253562.0,0.501,canadian hip hop,3sMC6vfTTSa0mMAPTwzDVD,5.61e-06,11.0,0.0953,-9.178,0.0,58.0,0.0398,81.376,4.0,b'I Get Lonely',audio_features,0.689
23,0.603,Care Package,Drake,0.549,294651.0,0.495,canadian hip hop,4alHkxxwAhvoGg3dJCATKV,7.26e-06,6.0,0.0979,-5.661,0.0,55.0,0.133,81.012,4.0,b'My Side',audio_features,0.385
24,0.0111,Care Package,Drake,0.498,254022.0,0.844,canadian hip hop,2xUHiyGeGrWmmfv7NbDTWC,0.0,2.0,0.102,-2.834,1.0,56.0,0.268,88.435,4.0,b'Jodeci Freestyle (feat. J. Cole)',audio_features,0.282
25,0.758,Care Package,Drake,0.338,283816.0,0.729,canadian hip hop,6MR5IBSNfDmiwnrlQpVw4w,3.24e-05,6.0,0.18,-6.419,0.0,58.0,0.102,184.174,4.0,b'Club Paradise',audio_features,0.543
26,0.281,Care Package,Drake,0.508,252884.0,0.748,canadian hip hop,18t8ypY0HYaQuGBxg2KdT2,0.0,1.0,0.168,-4.997,1.0,55.0,0.33,100.414,3.0,b'Free Spirit (feat. Rick Ross)',audio_features,0.225
27,0.179,Care Package,Drake,0.641,343455.0,0.454,canadian hip hop,27Tqjd2nMW2mIp6Yk1ovwY,0.000116,5.0,0.065,-8.344,0.0,53.0,0.133,78.036,4.0,b'Heat Of The Moment',audio_features,0.302
28,0.782,Care Package,Drake,0.619,225012.0,0.489,canadian hip hop,56NDFbD0tCUawnqeU2wcvv,0.0,11.0,0.106,-11.25,0.0,62.0,0.46,126.046,4.0,b'Girls Love Beyonc\xc3\xa9 (feat. James Fauntleroy)',audio_features,0.328
29,0.414,Care Package,Drake,0.505,251240.0,0.494,canadian hip hop,73IE87H0g2MBmdn41lkVto,7.98e-05,10.0,0.105,-8.635,0.0,57.0,0.315,171.978,4.0,b'Paris Morton Music',audio_features,0.141
30,0.484,Care Package,Drake,0.643,189289.0,0.178,canadian hip hop,3e0ZGE7Gp034iLknjQk4QW,0.0108,4.0,0.122,-8.56,0.0,59.0,0.0588,85.042,4.0,b'Can I',audio_features,0.0674
31,0.939,So Far Gone,Drake,0.462,176179.0,0.422,canadian hip hop,1v24T2ug4TlssYZvI3aL4O,0.0327,6.0,0.108,-10.381,1.0,60.0,0.175,87.364,4.0,b'Lust For Life',audio_features,0.0853
32,0.393,So Far Gone,Drake,0.683,290791.0,0.695,canadian hip hop,3XLSlQLJf3Ut0zvMUxnF1h,0.00124,1.0,0.124,-6.798,0.0,61.0,0.0574,135.337,4.0,b'Houstatlantavegas',audio_features,0.406
33,0.536,So Far Gone,Drake,0.562,375050.0,0.544,canadian hip hop,6NwhtCYkfwWlcR62Ac4E7y,0.0,8.0,0.17,-5.065,1.0,62.0,0.369,159.517,4.0,b'Successful (feat. Trey Songz & Lil Wayne)',audio_features,0.231
34,0.00427,So Far Gone,Drake,0.79,234176.0,0.731,canadian hip hop,4FDSPGncHRpr6yB8DD4CtI,0.29,9.0,0.157,-4.607,0.0,53.0,0.0327,127.403,4.0,b'Let\xe2\x80\x99s Call It Off (feat. Peter Bjorn and John)',audio_features,0.938
35,0.579,So Far Gone,Drake,0.749,188189.0,0.476,canadian hip hop,0JaVdpmiex2EP7bBzyKVTa,0.0,11.0,0.1,-11.147,0.0,62.0,0.507,71.937,4.0,b'November 18th',audio_features,0.534
36,0.186,So Far Gone,Drake,0.591,302492.0,0.846,canadian hip hop,2hcohLIysMxofYziluXCoX,0.0,7.0,0.463,-3.687,1.0,60.0,0.276,94.795,4.0,b'Ignant Shit (feat. Lil Wayne)',audio_features,0.121
37,0.374,So Far Gone,Drake,0.611,193963.0,0.508,canadian hip hop,3lkkkYc1wBj5l3FVlpqvP6,3.87e-06,11.0,0.168,-5.573,0.0,51.0,0.0741,103.612,4.0,b'A Night Off (feat. Lloyd)',audio_features,0.368
38,0.632,So Far Gone,Drake,0.462,230717.0,0.773,canadian hip hop,7mPoCVGP752A5DtHf1SKkM,0.0,8.0,0.212,-5.375,1.0,51.0,0.288,86.157,4.0,"b""Say What's Real""",audio_features,0.455
39,0.0999,So Far Gone,Drake,0.758,230484.0,0.888,canadian hip hop,524wvipGqxPKYWxkjf9y46,0.0336,11.0,0.661,-4.899,0.0,55.0,0.0374,120.392,4.0,b'Little Bit (feat. Lykke Li)',audio_features,0.771
40,0.19,So Far Gone,Drake,0.395,257690.0,0.922,canadian hip hop,3QLjDkgLh9AOEHlhQtDuhs,0.0,1.0,0.134,-2.176,1.0,66.0,0.375,162.361,4.0,b'Best I Ever Had',audio_features,0.558
41,0.165,So Far Gone,Drake,0.774,209957.0,0.912,canadian hip hop,2TWSilrWcTrgVKcP8kfEfg,0.0,2.0,0.745,-2.787,0.0,50.0,0.347,150.083,4.0,b'Unstoppable (feat. Santigold & Lil Wayne)',audio_features,0.821
42,0.00391,So Far Gone,Drake,0.416,382262.0,0.824,canadian hip hop,0q7LGcVSpsIoSbjChtZ8lI,0.0,1.0,0.104,-3.075,1.0,62.0,0.343,85.433,5.0,b'Uptown (feat. Bun B & Lil Wayne)',audio_features,0.417
43,0.178,So Far Gone,Drake,0.616,262047.0,0.501,canadian hip hop,43iKgGbmfqPLh3mxUlospI,1.2e-05,5.0,0.105,-5.722,0.0,52.0,0.24,94.554,4.0,b'Sooner Than Later',audio_features,0.506
44,0.209,So Far Gone,Drake,0.49,139575.0,0.507,canadian hip hop,4i3GraNMzBKze1WsVl38DS,0.00104,2.0,0.119,-6.205,0.0,54.0,0.0849,147.037,3.0,"b""Bria's Interlude (feat. Omarion)""",audio_features,0.237
45,0.819,So Far Gone,Drake,0.471,243724.0,0.784,canadian hip hop,6MlGqWzDiLkZ0vmAEsisEk,1.13e-05,11.0,0.107,-8.25,0.0,50.0,0.883,160.833,4.0,b'The Calm',audio_features,0.258
46,0.988,So Far Gone,Drake,0.397,174398.0,0.0906,canadian hip hop,6hHKFReuQR9VQp39ev43wY,0.856,5.0,0.344,-21.655,1.0,48.0,0.054,185.167,4.0,b'Outro (feat. Chilly Gonzales)',audio_features,0.136
47,0.631,So Far Gone,Drake,0.399,213492.0,0.491,canadian hip hop,4XTXamS1g4g93jPxyuFJJ6,0.0,6.0,0.171,-8.992,1.0,59.0,0.0714,94.542,3.0,b'Brand New',audio_features,0.356
48,0.0185,So Far Gone,Drake,0.333,332530.0,0.859,canadian hip hop,3SnXwQUrvSacFziUYXTNKY,0.0,6.0,0.22,-2.286,1.0,58.0,0.148,86.882,5.0,b'Congratulations',audio_features,0.125
49,0.0342,KIRK,DaBaby,0.862,172800.0,0.685,nc hip hop,77KMttn3Lic7ZQKDlPqp8v,0.0,0.0,0.204,-7.699,0.0,75.0,0.242,100.024,4.0,b'INTRO',audio_features,0.672
50,0.0104,KIRK,DaBaby,0.801,115610.0,0.693,nc hip hop,3e39X4Q74yJzsYUEeyf4ws,0.0,0.0,0.376,-4.002,1.0,67.0,0.323,164.084,4.0,b'OFF THE RIP',audio_features,0.602
51,0.189,KIRK,DaBaby,0.769,159715.0,0.787,nc hip hop,6Ozh9Ok6h4Oi1wUSLtBseN,0.0,11.0,0.129,-3.909,1.0,88.0,0.367,126.77,4.0,b'BOP',audio_features,0.836
52,0.113,KIRK,DaBaby,0.768,144935.0,0.652,nc hip hop,0fySG6A6qLE8IvDpayb5bM,0.0,1.0,0.107,-2.708,0.0,85.0,0.307,154.187,4.0,b'VIBEZ',audio_features,0.777
53,0.0242,KIRK,DaBaby,0.815,183145.0,0.76,nc hip hop,2TsD9kSbgYx5fSNRsoNURE,0.0,6.0,0.203,-4.632,1.0,69.0,0.331,81.537,4.0,b'POP STAR (feat. Kevin Gates)',audio_features,0.729
54,0.0387,KIRK,DaBaby,0.676,214893.0,0.664,nc hip hop,0WoAkdHmgPmEXfiBox1flk,0.0,8.0,0.0475,-4.435,1.0,65.0,0.343,161.867,4.0,"b'GOSPEL (feat. Chance The Rapper, Gucci Mane & YK Osiris)'",audio_features,0.838
55,0.243,KIRK,DaBaby,0.733,191920.0,0.574,nc hip hop,3GX2hFAekmSduZzcS52OnR,0.0,1.0,0.231,-6.409,0.0,65.0,0.266,159.987,4.0,b'iPHONE (with Nicki Minaj)',audio_features,0.305
56,0.0794,KIRK,DaBaby,0.816,136366.0,0.582,nc hip hop,2FvD20Z8aoWIePi7PoN8sG,5.84e-06,8.0,0.0916,-4.141,1.0,85.0,0.341,160.004,4.0,b'TOES (feat. Lil Baby & Moneybagg Yo)',audio_features,0.542
57,0.0552,KIRK,DaBaby,0.943,139500.0,0.654,nc hip hop,7vxGCUPJhe0fXfBkwVPFcP,0.0,1.0,0.0893,-5.175,1.0,65.0,0.274,100.091,4.0,b'REALLY (feat. Stunna 4 Vegas)',audio_features,0.608
58,0.0744,KIRK,DaBaby,0.884,143226.0,0.783,nc hip hop,0O7mJ0noFBLn8MMUJrFaF1,0.0,1.0,0.12,-2.388,1.0,64.0,0.294,124.052,4.0,b'PROLLY HEARD',audio_features,0.929
59,0.0273,KIRK,DaBaby,0.874,216678.0,0.714,nc hip hop,1CCDIow4pPYyJYzhtTUYz2,0.0,5.0,0.356,-4.946,1.0,70.0,0.233,130.046,4.0,b'RAW SHIT (feat. Migos)',audio_features,0.85
60,0.339,KIRK,DaBaby,0.836,143296.0,0.747,nc hip hop,0pegcONe6MuDQRoPCtCBRf,0.0,1.0,0.0739,-3.368,0.0,64.0,0.136,84.435,4.0,b'THERE HE GO',audio_features,0.758
61,0.00245,KIRK,DaBaby,0.914,153863.0,0.655,nc hip hop,4LH1gsNA3wUS6QKkGZoJN8,0.0,6.0,0.0817,-5.333,0.0,65.0,0.294,143.975,4.0,b'XXL',audio_features,0.705
62,0.00366,Baby On Baby,DaBaby,0.802,118360.0,0.738,nc hip hop,6B4KWBeFdHrpVezjTqggWr,0.0,0.0,0.223,-5.287,0.0,65.0,0.167,151.07,4.0,b'Taking It Out',audio_features,0.484
63,0.0608,Baby On Baby,DaBaby,0.876,163320.0,0.662,nc hip hop,2gwkD6igEhQbDQegRCcdoB,0.0,2.0,0.127,-6.482,0.0,84.0,0.426,75.445,4.0,b'Suge',audio_features,0.844
64,0.128,Baby On Baby,DaBaby,0.755,141827.0,0.772,nc hip hop,3WyRgi8CzQnhzO0xw79tTS,0.0,6.0,0.157,-5.585,1.0,77.0,0.4,132.906,4.0,b'Goin Baby',audio_features,0.678
65,0.102,Baby On Baby,DaBaby,0.92,204573.0,0.622,nc hip hop,0SsTkfOhM7e87trwjEqBQN,0.0,9.0,0.35,-6.388,1.0,65.0,0.246,119.962,4.0,b'Pony',audio_features,0.815
66,0.012,Baby On Baby,DaBaby,0.837,68147.0,0.691,nc hip hop,3yXP1unIs1X9U5FbEarv7e,0.0,9.0,0.191,-6.407,1.0,57.0,0.337,162.114,4.0,b'Deal Wit It',audio_features,0.675
67,0.0219,Baby On Baby,DaBaby,0.852,157693.0,0.73,nc hip hop,7f1zjZG77S891Uv4O68yfk,0.0,1.0,0.336,-5.803,1.0,76.0,0.0579,92.506,4.0,b'Baby Sitter (feat. Offset)',audio_features,0.394
68,0.0566,Baby On Baby,DaBaby,0.664,192773.0,0.672,nc hip hop,7uxbabRF4omY1MhmIgaZ6Y,0.0,6.0,0.279,-5.306,1.0,58.0,0.209,139.887,4.0,b'Celebrate (feat. Rich Homie Quan)',audio_features,0.657
69,0.213,Baby On Baby,DaBaby,0.772,133213.0,0.659,nc hip hop,6uIpf2e5PrB0ZMufi0AWpL,0.0,2.0,0.317,-5.388,1.0,60.0,0.283,143.716,4.0,b'Joggers (feat. Stunna 4 Vegas)',audio_features,0.815
70,0.0492,Baby On Baby,DaBaby,0.824,102840.0,0.859,nc hip hop,1N7CHs4eGjgr3gjyUgq75Y,0.0,2.0,0.28,-5.668,1.0,63.0,0.302,77.973,4.0,b'Carpet Burn',audio_features,0.903
71,0.104,Baby On Baby,DaBaby,0.87,186867.0,0.606,nc hip hop,2gjPbUsttk6GqJOUAh9WzN,0.0,1.0,0.155,-6.713,1.0,59.0,0.147,150.154,3.0,b'Best Friend (feat. Rich The Kid)',audio_features,0.605
72,0.204,Baby On Baby,DaBaby,0.8,114373.0,0.749,nc hip hop,5U8sc8et1PiuDQfIQ2J98a,0.0,8.0,0.113,-4.943,1.0,57.0,0.33,151.851,4.0,b'Tupac',audio_features,0.961
73,0.00333,Baby On Baby,DaBaby,0.903,166333.0,0.668,nc hip hop,2ky7vgodn1YedpeS00lUqt,0.0,8.0,0.111,-7.881,1.0,57.0,0.24,145.058,4.0,b'Backend',audio_features,0.532
74,0.025,Baby On Baby,DaBaby,0.873,151600.0,0.682,nc hip hop,6aYi4lYcAohNhlNWsbWfy0,0.0,11.0,0.0685,-5.869,0.0,59.0,0.377,157.943,4.0,b'Walker Texas Ranger',audio_features,0.799
75,0.0579,Death (feat. DaBaby),DaBaby,0.802,172196.0,0.82,nc hip hop,6YfTl5YupXOQBKiJJLrxcw,0.0,10.0,0.149,-5.969,0.0,75.0,0.146,164.005,4.0,b'Death (feat. DaBaby)',audio_features,0.613
76,0.466,JESUS IS KING,Kanye West,0.588,112239.0,0.793,chicago rap,1WnqWQcWcuQbVzgE7ecfCY,0.000647,7.0,0.913,-6.23,1.0,66.0,0.0794,76.997,5.0,b'Every Hour',audio_features,0.694
77,0.647,JESUS IS KING,Kanye West,0.482,164620.0,0.618,chicago rap,39JRmdKFka1Oe09FoOCPI4,0.000859,9.0,0.32,-5.673,0.0,69.0,0.197,90.076,3.0,b'Selah',audio_features,0.146
78,0.000248,JESUS IS KING,Kanye West,0.529,104591.0,0.9,chicago rap,2QpGZOhTCHHiKmpSO9FW4h,1.21e-05,1.0,0.0426,-3.503,1.0,79.0,0.418,180.291,4.0,b'Follow God',audio_features,0.434
79,0.873,JESUS IS KING,Kanye West,0.799,151873.0,0.291,chicago rap,3JWiDGQX2eTlFvKj3Yssj3,0.000641,11.0,0.139,-7.353,0.0,71.0,0.0318,97.984,4.0,b'Closed On Sunday',audio_features,0.406
80,0.0671,JESUS IS KING,Kanye West,0.41,136351.0,0.886,chicago rap,2SasoXZyv82yYgHiVOvxQn,0.0,9.0,0.461,-4.413,0.0,68.0,0.155,72.577,4.0,b'On God',audio_features,0.393
81,0.312,JESUS IS KING,Kanye West,0.894,116560.0,0.416,chicago rap,24bnCCysWnbNRNUT4LpHcP,0.0,9.0,0.146,-6.823,0.0,68.0,0.0538,116.96,4.0,b'Everything We Need',audio_features,0.463
82,0.57,JESUS IS KING,Kanye West,0.505,168420.0,0.281,chicago rap,454Epa1vrCGFddHXKyC1kb,0.000254,2.0,0.163,-12.404,1.0,65.0,0.1,82.338,4.0,b'Water',audio_features,0.283
83,0.34,JESUS IS KING,Kanye West,0.656,203141.0,0.637,chicago rap,6xRWoYwfwIKnT8bQGzKbxR,0.0,1.0,0.187,-3.867,1.0,67.0,0.0256,105.037,4.0,b'God Is',audio_features,0.267
84,0.558,JESUS IS KING,Kanye West,0.514,203174.0,0.393,chicago rap,7r6aR2f57resC5r93LwMfK,0.0,1.0,0.282,-8.72,0.0,64.0,0.529,78.039,4.0,b'Hands On',audio_features,0.598
85,0.614,JESUS IS KING,Kanye West,0.611,213878.0,0.459,chicago rap,0oPOuDmmkVp3h6puekhs6P,0.0,0.0,0.126,-3.926,0.0,69.0,0.0422,148.28,4.0,b'Use This Gospel',audio_features,0.177
86,0.828,JESUS IS KING,Kanye West,0.243,49293.0,0.26,chicago rap,7sBgFMWqDWQgrsNSpIBoe8,4.03e-05,4.0,0.532,-5.876,0.0,63.0,0.0305,76.61,3.0,b'Jesus Is Lord',audio_features,0.327
87,0.384,FATHER OF 4,Offset,0.736,259834.0,0.515,atl hip hop,57QievAWQ13DWl20Obiz8E,4.31e-06,1.0,0.113,-7.739,1.0,52.0,0.163,149.977,4.0,b'Father Of 4 (feat. Big Rube)',audio_features,0.421
88,0.507,FATHER OF 4,Offset,0.883,276794.0,0.544,atl hip hop,32iPykTXUNZ9oGyACGUybq,1.6e-06,2.0,0.08,-7.92,1.0,62.0,0.233,129.993,4.0,b'How Did I Get Here (feat. J. Cole)',audio_features,0.114
89,0.172,FATHER OF 4,Offset,0.959,204516.0,0.539,atl hip hop,4W9XGjEUVG9junR70FOLii,0.0,4.0,0.108,-6.611,0.0,65.0,0.0958,103.0,4.0,b'Lick',audio_features,0.657
90,0.226,FATHER OF 4,Offset,0.88,182023.0,0.335,atl hip hop,4TzXqUIcdpAmre24puQ6Uu,0.0,1.0,0.107,-8.742,1.0,53.0,0.297,140.061,4.0,b'Tats On My Face',audio_features,0.213
91,0.459,FATHER OF 4,Offset,0.922,214985.0,0.673,atl hip hop,7vkL4wrBEmzr1wsiWRd1zO,0.0,5.0,0.12,-6.416,0.0,53.0,0.15,133.998,4.0,b'Made Men',audio_features,0.702
92,0.0841,FATHER OF 4,Offset,0.902,236300.0,0.621,atl hip hop,0SQ8yalm13UIJuebuZkQlH,0.0,9.0,0.138,-5.315,1.0,57.0,0.199,114.007,4.0,b'Wild Wild West (feat. Gunna)',audio_features,0.497
93,0.431,FATHER OF 4,Offset,0.67,245759.0,0.391,atl hip hop,47Ad1NzqPuUFbCIURd94Oj,0.0,4.0,0.24,-9.939,0.0,53.0,0.0729,79.971,4.0,b'North Star (feat. CeeLo Green)',audio_features,0.108
94,0.25,FATHER OF 4,Offset,0.8,172881.0,0.696,atl hip hop,1taKClbaJhl9FXdtM4hNBe,1.4e-06,6.0,0.0894,-7.004,0.0,50.0,0.228,100.003,4.0,b'After Dark',audio_features,0.189
95,0.67,FATHER OF 4,Offset,0.884,200486.0,0.485,atl hip hop,71Hr2rAhEI92BSpFYbzNN7,0.00063,10.0,0.325,-7.146,0.0,55.0,0.0793,125.006,4.0,"b""Don't Lose Me""",audio_features,0.149
96,0.242,FATHER OF 4,Offset,0.941,149885.0,0.501,atl hip hop,1vf9F2n3KbuMQrTq36QLJH,0.0,8.0,0.114,-8.337,1.0,50.0,0.32,105.965,4.0,b'Underrated',audio_features,0.412
97,0.178,FATHER OF 4,Offset,0.844,244941.0,0.513,atl hip hop,7pMRoGLEJuFM2wl5pt0R99,0.0,1.0,0.0845,-8.769,1.0,70.0,0.335,128.085,4.0,b'Legacy (feat. Travis Scott & 21 Savage)',audio_features,0.344
98,0.228,FATHER OF 4,Offset,0.919,205803.0,0.622,atl hip hop,59ywHNwwchG4nZJMLyxSzd,4.24e-06,1.0,0.122,-7.384,1.0,77.0,0.0997,140.022,4.0,b'Clout (feat. Cardi B)',audio_features,0.424
99,0.243,FATHER OF 4,Offset,0.872,229587.0,0.472,atl hip hop,2NlsAcYlLgkDhnhA9Sx6HA,2.22e-06,9.0,0.0902,-8.217,1.0,52.0,0.205,130.985,4.0,b'On Fleek (feat. Quavo)',audio_features,0.255
100,0.0688,FATHER OF 4,Offset,0.909,194875.0,0.55,atl hip hop,36YZKsGtyzblj9fGYKtR7H,8.97e-05,9.0,0.11,-7.795,1.0,57.0,0.0728,130.036,4.0,b'Quarter Milli (feat. Gucci Mane)',audio_features,0.189
101,0.479,FATHER OF 4,Offset,0.936,241440.0,0.559,atl hip hop,4TWflhgevIGo448fWc6mQq,0.0,7.0,0.128,-8.587,0.0,68.0,0.157,112.347,4.0,b'Red Room',audio_features,0.527
102,0.487,FATHER OF 4,Offset,0.807,172977.0,0.774,atl hip hop,1X5F8qFnvUe4sYmIqowEkB,0.0,10.0,0.0892,-5.021,0.0,54.0,0.116,100.005,4.0,b'Came A Long Way',audio_features,0.279
103,0.115,Big Rocks (Offset feat. Young Thug),Offset,0.915,144000.0,0.474,atl hip hop,4uuLsWwmQCtawLjLqgQXXm,0.0,7.0,0.169,-7.373,0.0,39.0,0.0752,119.991,4.0,b'Big Rocks (Offset feat. Young Thug)',audio_features,0.523
104,0.0247,Soakin Wet,Offset,0.842,180575.0,0.457,atl hip hop,5WLCdOpLqFN1Yj5gPG36E7,0.0,1.0,0.06,-7.95,1.0,36.0,0.628,169.85,4.0,b'Soakin Wet',audio_features,0.311
105,0.0373,Power Moves,Offset,0.766,192880.0,0.486,atl hip hop,6GnRgIMJHT5PH1U4gehJE8,0.0,1.0,0.165,-10.103,1.0,33.0,0.339,130.938,4.0,b'Power Moves',audio_features,0.14
106,0.479,Red Room,Offset,0.936,241440.0,0.559,atl hip hop,2MJdgSby3DtSS7bUJx2cly,0.0,7.0,0.129,-8.591,0.0,64.0,0.158,112.339,4.0,b'Red Room',audio_features,0.517
107,0.627,Shelby,Lil Skies,0.649,181891.0,0.453,melodic rap,4ZT9FnbFu1PaBfV3itxiqT,0.0,6.0,0.116,-7.28,1.0,81.0,0.085,99.183,4.0,b'I',audio_features,0.431
108,0.208,Shelby,Lil Skies,0.771,219664.0,0.761,melodic rap,0hCHNYL8ApQCGNwJrYN1FY,0.0,1.0,0.091,-4.727,0.0,64.0,0.047,131.01,4.0,b'Bad Girls (feat. Gucci Mane)',audio_features,0.277
109,0.187,Shelby,Lil Skies,0.642,154958.0,0.741,melodic rap,6NGeKy2lLt86dxDjJAtBFk,1.25e-06,6.0,0.146,-5.204,0.0,61.0,0.163,76.016,4.0,b'Breathe',audio_features,0.72
110,0.0836,Shelby,Lil Skies,0.687,221153.0,0.829,melodic rap,0Goo25lbtpwor5vb0K2r21,0.0,4.0,0.0986,-3.607,0.0,61.0,0.0298,152.059,4.0,b'Nowadays Pt. 2 (feat. Landon Cube)',audio_features,0.349
111,0.36,Shelby,Lil Skies,0.714,115722.0,0.636,melodic rap,6Ur6u4Ici7NYBiuGEEkNMP,0.0,8.0,0.112,-5.286,1.0,58.0,0.201,166.049,4.0,b'Flooded',audio_features,0.52
112,0.102,Shelby,Lil Skies,0.776,207465.0,0.776,melodic rap,0AKwYorDdgm3NtusTmPlkn,0.0,6.0,0.138,-6.366,0.0,58.0,0.316,161.983,4.0,b'Blue Strips',audio_features,0.68
113,0.0201,Shelby,Lil Skies,0.651,254877.0,0.833,melodic rap,6PXhPHhZy1MpxuTNA1Ad4L,0.0,1.0,0.109,-5.153,1.0,60.0,0.0847,80.977,4.0,b'Stop the Madness (feat. Gunna)',audio_features,0.594
114,0.103,Shelby,Lil Skies,0.66,164624.0,0.544,melodic rap,0k7Qyc2J6cUryNNhf0pPEL,0.000564,11.0,0.111,-9.44,0.0,59.0,0.06,140.103,4.0,b'Ok 4 Now',audio_features,0.313
115,0.0731,Shelby,Lil Skies,0.735,201352.0,0.639,melodic rap,2pzlvIwI67SEfjLwkZISh8,0.0,9.0,0.323,-5.851,0.0,57.0,0.155,92.946,4.0,"b""When I'm Wasted""",audio_features,0.714
116,0.0236,Shelby,Lil Skies,0.71,153078.0,0.796,melodic rap,49ImM4CYsEL5KG1hzUaCzq,0.0,1.0,0.152,-6.365,1.0,54.0,0.261,159.951,4.0,b'Mansion',audio_features,0.733
117,0.0368,Shelby,Lil Skies,0.697,190302.0,0.618,melodic rap,3XVT8VNy0vpvTbFPQaBSZN,0.0,6.0,0.085,-8.468,0.0,56.0,0.102,161.964,4.0,b'Through the Motions',audio_features,0.247
118,0.0102,Shelby,Lil Skies,0.819,174602.0,0.756,melodic rap,0ZxY3V9miXeKIeKS3hgjCI,0.0,0.0,0.0952,-6.962,1.0,54.0,0.345,109.996,5.0,b'Highs and Lows',audio_features,0.36
119,0.0949,Shelby,Lil Skies,0.646,168751.0,0.656,melodic rap,11p2ty4w5GpoFL4vcK0Cru,0.0,11.0,0.103,-6.798,0.0,68.0,0.0743,160.065,4.0,b'Name in the Sand',audio_features,0.501
120,0.000366,Shelby,Lil Skies,0.588,175882.0,0.658,melodic rap,2BTH9RKzclcO36gS09cLjy,0.0,2.0,0.115,-7.604,1.0,55.0,0.0631,163.992,4.0,b'No Rainy Days',audio_features,0.526
121,0.122,i (Lost Kings Remix),Lil Skies,0.528,194545.0,0.797,melodic rap,4X8ZLmiJpYupUA4Gbmtqjs,0.0,6.0,0.174,-4.901,1.0,58.0,0.191,198.036,4.0,b'i - Lost Kings Remix',audio_features,0.373
122,0.0191,More Money More Ice,Lil Skies,0.524,167943.0,0.547,melodic rap,0MLi0xtqUGYzIDPHEc0SdT,0.0,8.0,0.201,-10.348,1.0,60.0,0.423,106.802,5.0,b'More Money More Ice',audio_features,0.237
123,0.264,Magic,Lil Skies,0.647,182338.0,0.706,melodic rap,5NqOsPI4rA9Bl6LcCftzI2,0.0,6.0,0.114,-6.023,0.0,78.0,0.137,153.973,4.0,b'Magic',audio_features,0.577
124,0.171,Going Off,Lil Skies,0.795,173254.0,0.726,melodic rap,54ZqhUs07RGbmaLlWQeAsS,0.0,1.0,0.12,-5.95,1.0,65.0,0.077,84.509,4.0,b'Going Off',audio_features,0.335
125,0.0599,Real Ties,Lil Skies,0.819,142669.0,0.616,melodic rap,0Qd2KYCmwGYiTF3A0opS6b,0.0,1.0,0.143,-5.534,1.0,63.0,0.167,87.493,4.0,b'Real Ties',audio_features,0.524
126,0.124,No.6 Collaborations Project,Ed Sheeran,0.64,197867.0,0.648,pop,70eFcWOvlMObDhURTqT4Fv,0.0,5.0,0.0802,-8.113,0.0,81.0,0.187,92.977,4.0,b'Beautiful People (feat. Khalid)',audio_features,0.548
127,0.148,No.6 Collaborations Project,Ed Sheeran,0.857,204467.0,0.621,pop,4vUmTMuQqjdnvlZmAH61Qk,0.0,9.0,0.0865,-6.376,0.0,85.0,0.0824,97.986,4.0,b'South of the Border (feat. Camila Cabello & Cardi B)',audio_features,0.668
128,0.214,No.6 Collaborations Project,Ed Sheeran,0.746,206187.0,0.787,pop,4wuCQX7JvAZLlrcmH4AeZF,0.0,4.0,0.0669,-6.373,1.0,70.0,0.12,95.005,4.0,b'Cross Me (feat. Chance the Rapper & PnB Rock)',audio_features,0.607
129,0.219,No.6 Collaborations Project,Ed Sheeran,0.885,189733.0,0.762,pop,1AI7UPw3fgwAFkvAlZWhE0,0.0,8.0,0.162,-5.513,0.0,74.0,0.216,138.059,4.0,b'Take Me Back to London (feat. Stormzy)',audio_features,0.605
130,0.762,No.6 Collaborations Project,Ed Sheeran,0.565,243267.0,0.242,pop,0VsGaRXR5WAzpu51unJTis,9.3e-06,2.0,0.285,-8.367,1.0,72.0,0.0318,81.657,4.0,b'Best Part of Me (feat. YEBBA)',audio_features,0.237
131,0.0912,No.6 Collaborations Project,Ed Sheeran,0.798,219947.0,0.675,pop,0hVXuCcriWRGvwMV1r5Yn9,0.0,6.0,0.0894,-5.041,1.0,82.0,0.0442,101.956,4.0,"b""I Don't Care (with Justin Bieber)""",audio_features,0.842
132,0.133,No.6 Collaborations Project,Ed Sheeran,0.715,161747.0,0.823,pop,1DhRbox3xkceP64k3JeYfW,0.0,5.0,0.361,-5.313,0.0,73.0,0.0495,151.956,4.0,b'Antisocial (with Travis Scott)',audio_features,0.91
133,0.135,No.6 Collaborations Project,Ed Sheeran,0.852,207760.0,0.666,pop,0AtP8EkGPn6SwxKDaUuXec,0.0,11.0,0.798,-6.923,0.0,75.0,0.184,91.046,4.0,b'Remember The Name (feat. Eminem & 50 Cent)',audio_features,0.726
134,0.112,No.6 Collaborations Project,Ed Sheeran,0.665,150787.0,0.68,pop,1Bdptrvb7nQkq8kCw3siE9,0.0,2.0,0.096,-4.899,1.0,67.0,0.29,91.67,4.0,b'Feels (feat. Young Thug & J Hus)',audio_features,0.69
135,0.253,No.6 Collaborations Project,Ed Sheeran,0.627,197093.0,0.594,pop,5T03itPFOPGGkvVPvPiyla,0.0,7.0,0.373,-8.306,1.0,68.0,0.0478,101.008,4.0,b'Put It All on Me (feat. Ella Mai)',audio_features,0.389
136,0.333,No.6 Collaborations Project,Ed Sheeran,0.747,200733.0,0.649,pop,2qRN7PWiHRLprw4FpDeI9N,0.0,10.0,0.172,-6.218,0.0,71.0,0.219,88.011,4.0,b'Nothing On You (feat. Paulo Londra & Dave)',audio_features,0.84
137,0.314,No.6 Collaborations Project,Ed Sheeran,0.469,204507.0,0.631,pop,3FHXUqaUer9o231Je1zxIN,0.0,8.0,0.14,-6.569,0.0,67.0,0.0853,91.418,4.0,"b""I Don't Want Your Money (feat. H.E.R.)""",audio_features,0.763
138,0.467,No.6 Collaborations Project,Ed Sheeran,0.778,212307.0,0.59,pop,4vIKzWqtn44umal5jXq4wE,0.0,8.0,0.0902,-5.548,1.0,67.0,0.27,97.995,4.0,b'1000 Nights (feat. Meek Mill & A Boogie Wit da Hoodie)',audio_features,0.515
139,0.11,No.6 Collaborations Project,Ed Sheeran,0.726,190293.0,0.731,pop,5d1rmWWF1725tnYjq6rMDB,3.21e-06,1.0,0.0928,-6.304,0.0,62.0,0.159,170.125,4.0,b'Way To Break My Heart (feat. Skrillex)',audio_features,0.43
140,0.000245,No.6 Collaborations Project,Ed Sheeran,0.631,209120.0,0.796,pop,7hvO2qCwJVZxiyoA7c9i5d,0.0115,1.0,0.38,-5.35,1.0,65.0,0.0401,92.469,4.0,b'BLOW (with Chris Stapleton & Bruno Mars)',audio_features,0.596
141,0.13,South of the Border (feat. Camila Cabello & Cardi B) [Andy Jarvis Remix],Ed Sheeran,0.805,188230.0,0.835,pop,1EJgymgJHcjSOGSHcYaxvW,5.03e-06,0.0,0.365,-4.603,1.0,62.0,0.0896,125.027,4.0,b'South of the Border (feat. Camila Cabello & Cardi B) - Andy Jarvis Remix',audio_features,0.722
142,0.884,k bye for now (swt live),Ariana Grande,0.239,43251.0,0.408,dance pop,5SyCD1ic378B4rYWhDmuvo,0.0318,6.0,0.68,-13.623,1.0,57.0,0.06,72.138,3.0,b'raindrops (an angel cried) - live',audio_features,0.161
143,0.158,k bye for now (swt live),Ariana Grande,0.498,213068.0,0.836,dance pop,67kQ3UW7saqCFqB54BVKKI,6.59e-06,10.0,0.971,-5.224,0.0,60.0,0.0669,144.882,4.0,b'god is a woman - live',audio_features,0.279
144,0.0392,k bye for now (swt live),Ariana Grande,0.674,212164.0,0.816,dance pop,12s87E3EVHMYZQyr9mXsUi,1.56e-05,3.0,0.342,-4.387,0.0,58.0,0.0416,137.976,4.0,b'bad idea - live',audio_features,0.501
145,0.0162,k bye for now (swt live),Ariana Grande,0.593,223872.0,0.737,dance pop,56feSEETtLwNjY5Xz8XbKI,1.55e-05,5.0,0.975,-5.102,0.0,58.0,0.0475,84.87,4.0,"b""break up with your girlfriend, i'm bored - live""",audio_features,0.238
146,0.321,k bye for now (swt live),Ariana Grande,0.705,177913.0,0.554,dance pop,2I2HYr4FLb6LPfdgcKxK2J,9.26e-06,10.0,0.978,-9.628,0.0,56.0,0.0551,80.042,4.0,b'r.e.m - live',audio_features,0.611
147,0.155,k bye for now (swt live),Ariana Grande,0.713,174604.0,0.707,dance pop,4OR2KU2qCnREBsSwwJ4PBn,2.12e-06,1.0,0.956,-5.947,0.0,57.0,0.0403,112.929,4.0,b'be alright - live',audio_features,0.366
148,0.158,k bye for now (swt live),Ariana Grande,0.655,174000.0,0.7,dance pop,1Bvxlmt3CtZTyls2IJQ38T,1.25e-06,4.0,0.877,-4.242,1.0,56.0,0.0789,119.835,4.0,b'sweetener - live',audio_features,0.529
149,0.0879,k bye for now (swt live),Ariana Grande,0.758,125631.0,0.883,dance pop,7bfnkOya2SV8LLTsYmRQJR,3.54e-05,7.0,0.24,-3.989,0.0,55.0,0.0608,114.021,4.0,b'successful - live',audio_features,0.736
150,0.0251,k bye for now (swt live),Ariana Grande,0.515,260519.0,0.865,dance pop,1FYLqciy2MckeKgTvOCawO,5.59e-05,6.0,0.971,-4.065,0.0,56.0,0.161,158.053,4.0,b'side to side - live',audio_features,0.372
151,0.226,k bye for now (swt live),Ariana Grande,0.443,226850.0,0.739,dance pop,6va6SjWz457IOZidBppAhz,0.000378,9.0,0.961,-6.509,1.0,58.0,0.209,139.829,4.0,b'7 rings - live',audio_features,0.146
152,0.196,k bye for now (swt live),Ariana Grande,0.448,83785.0,0.71,dance pop,6Q4JJnjX00q8O10OliHhjS,0.0,1.0,0.638,-5.095,0.0,55.0,0.0578,104.024,4.0,b'love me harder - live',audio_features,0.273
153,0.0454,k bye for now (swt live),Ariana Grande,0.322,208294.0,0.874,dance pop,1edP751qQSUaA1vo7Hva3w,2.27e-06,8.0,0.945,-2.893,1.0,58.0,0.2,98.089,4.0,b'breathin - live',audio_features,0.171
154,0.699,k bye for now (swt live),Ariana Grande,0.317,174295.0,0.474,dance pop,1IVnvJN9oC3pDYv9qpAnj7,0.0,7.0,0.945,-6.314,0.0,56.0,0.0661,76.592,4.0,b'needy - live',audio_features,0.318
155,0.109,k bye for now (swt live),Ariana Grande,0.395,205586.0,0.735,dance pop,5BYts42mYfuullBbELoaEV,1.66e-06,9.0,0.353,-4.559,1.0,55.0,0.226,83.143,4.0,b'fake smile - live',audio_features,0.177
156,0.145,k bye for now (swt live),Ariana Grande,0.717,138359.0,0.768,dance pop,1TCEZgYrPjc2G5sBYJciuq,4.3e-06,7.0,0.0741,-4.554,1.0,54.0,0.137,104.973,3.0,b'make up - live',audio_features,0.472
157,0.0407,k bye for now (swt live),Ariana Grande,0.613,99405.0,0.802,dance pop,7MjS7SoRzn8VXajFdV3t04,0.0,7.0,0.92,-4.473,1.0,54.0,0.171,79.514,4.0,b'right there - live',audio_features,0.271
158,0.0673,k bye for now (swt live),Ariana Grande,0.767,81401.0,0.92,dance pop,6FmBKZxA3K1Ycr9spEeI15,1.96e-06,1.0,0.375,-3.445,1.0,54.0,0.0997,104.9,4.0,"b""you'll never know - live""",audio_features,0.598
159,0.0501,k bye for now (swt live),Ariana Grande,0.743,134875.0,0.85,dance pop,1qfOSlQohddqAOGl3f8snd,0.0,11.0,0.942,-4.686,1.0,54.0,0.0595,98.026,4.0,b'break your heart right back - live',audio_features,0.657
160,0.207,k bye for now (swt live),Ariana Grande,0.648,185000.0,0.621,dance pop,4jkikgyrlBMR4Fj3d1s4jT,2.73e-05,6.0,0.918,-5.831,1.0,56.0,0.179,76.002,4.0,b'nasa - live',audio_features,0.371
161,0.257,k bye for now (swt live),Ariana Grande,0.358,203337.0,0.639,dance pop,6dB14UPKgEDLTp38BIKk6N,0.0,7.0,0.964,-4.938,1.0,55.0,0.0382,103.289,3.0,b'tattooed heart - live',audio_features,0.314
162,0.273,k bye for now (swt live),Ariana Grande,0.615,162876.0,0.945,dance pop,5qmcKqCKRb4EFwRTsndXNe,0.0,9.0,0.962,-5.607,0.0,54.0,0.259,101.502,4.0,b'only 1 - live',audio_features,0.45
163,0.158,k bye for now (swt live),Ariana Grande,0.603,188787.0,0.611,dance pop,0ao5xnzWNAt0dZFF6v4Sct,0.0,1.0,0.944,-4.177,1.0,56.0,0.0322,111.02,4.0,b'goodnight n go - live',audio_features,0.158
164,0.333,k bye for now (swt live),Ariana Grande,0.639,207000.0,0.625,dance pop,5XkiYqfFAXsXG4V2mGZET8,0.0,7.0,0.398,-4.932,1.0,53.0,0.0509,100.015,4.0,b'get well soon - live',audio_features,0.482
165,0.0421,k bye for now (swt live),Ariana Grande,0.673,150000.0,0.783,dance pop,58T204WTLWAs34lOvheS28,0.238,0.0,0.352,-6.997,1.0,53.0,0.0521,136.822,4.0,b'in my head interlude - live',audio_features,0.324
166,0.0419,k bye for now (swt live),Ariana Grande,0.239,131928.0,0.676,dance pop,2Hk1xo2ZrysHtBQMmZvg8U,6.98e-06,10.0,0.551,-4.868,0.0,55.0,0.0613,73.373,4.0,b'everytime - live',audio_features,0.198
167,0.00339,k bye for now (swt live),Ariana Grande,0.762,130072.0,0.882,dance pop,0mQVABspENyHvpVqRpnkxJ,0.000326,7.0,0.277,-3.814,1.0,52.0,0.072,99.044,4.0,b'the light is coming - live',audio_features,0.597
168,0.073,k bye for now (swt live),Ariana Grande,0.59,179232.0,0.871,dance pop,6rvHjRpnRhzQVeu8I5CqHp,0.000128,6.0,0.364,-3.665,0.0,54.0,0.113,109.869,4.0,b'into you - live',audio_features,0.234
169,0.136,k bye for now (swt live),Ariana Grande,0.479,107322.0,0.591,dance pop,3HUJw4KvL5baIwuh0wWPoh,1.16e-06,7.0,0.463,-9.129,1.0,52.0,0.0508,102.174,4.0,b'my heart belongs to daddy - live',audio_features,0.551
170,0.086,k bye for now (swt live),Ariana Grande,0.407,233447.0,0.826,dance pop,5H7d8isXFW779pCK7lo4KT,1.21e-06,4.0,0.979,-3.443,0.0,55.0,0.0926,133.942,3.0,b'dangerous woman - live',audio_features,0.277
171,0.00926,k bye for now (swt live),Ariana Grande,0.626,151583.0,0.769,dance pop,1LD1TFK08cFUBPmhi3FRAA,0.00097,3.0,0.95,-3.512,1.0,54.0,0.0513,130.044,4.0,b'break free - live',audio_features,0.255
172,0.467,k bye for now (swt live),Ariana Grande,0.652,233417.0,0.791,dance pop,32VSdGCv8wkAjUkVha9YBf,1.45e-06,0.0,0.967,-4.623,1.0,55.0,0.0655,121.922,4.0,b'no tears left to cry - live',audio_features,0.383
173,0.027,k bye for now (swt live),Ariana Grande,0.43,389728.0,0.811,dance pop,6AZaeRAPYnf5nKwV7HpSlQ,0.0034,1.0,0.95,-5.511,1.0,54.0,0.101,107.036,4.0,"b'thank u, next - live'",audio_features,0.223
174,0.378,"thank u, next",Ariana Grande,0.729,212267.0,0.475,dance pop,39LmTF9RgyakzSYX8txrow,0.0,8.0,0.12,-4.985,1.0,76.0,0.0364,62.52,3.0,b'imagine',audio_features,0.371
175,0.78,"thank u, next",Ariana Grande,0.647,171573.0,0.309,dance pop,1TEL6MlSSVLSdhOSddidlJ,7.41e-06,7.0,0.202,-7.948,0.0,75.0,0.0366,87.045,4.0,b'needy',audio_features,0.195
176,0.451,"thank u, next",Ariana Grande,0.747,182000.0,0.458,dance pop,4uTvPEr01pjTbZgl7jcKBD,0.0,6.0,0.252,-6.891,1.0,74.0,0.303,75.029,4.0,b'NASA',audio_features,0.47
177,0.0815,"thank u, next",Ariana Grande,0.758,216893.0,0.665,dance pop,2hloaUoRonYssMuqLCBLTX,0.000157,2.0,0.216,-5.188,0.0,73.0,0.0774,151.976,4.0,b'bloodline',audio_features,0.643
178,0.329,"thank u, next",Ariana Grande,0.45,208880.0,0.619,dance pop,3wFLWP0FcIqHK1wb1CPthQ,0.0,9.0,0.319,-7.412,1.0,72.0,0.372,83.3,4.0,b'fake smile',audio_features,0.427
179,0.0268,"thank u, next",Ariana Grande,0.847,267107.0,0.579,dance pop,5Il6Oe7lr5XM7A0cWbVQtr,0.0545,1.0,0.102,-5.314,1.0,72.0,0.0719,137.998,4.0,b'bad idea',audio_features,0.569
180,0.0844,"thank u, next",Ariana Grande,0.671,140693.0,0.714,dance pop,27356GVuMPFWiJSZCragoM,1.48e-06,7.0,0.0568,-5.373,1.0,69.0,0.21,105.137,3.0,b'make up',audio_features,0.477
181,0.418,"thank u, next",Ariana Grande,0.287,271467.0,0.364,dance pop,2vdBo4ALPYbHRUPKgtE5iC,1.8e-05,9.0,0.185,-8.295,1.0,72.0,0.0306,103.777,4.0,b'ghostin',audio_features,0.11
182,0.173,"thank u, next",Ariana Grande,0.662,222947.0,0.6,dance pop,4T652DlATVHe0jdLKaN3Bw,0.000137,0.0,0.109,-6.402,1.0,73.0,0.0703,134.979,4.0,b'in my head',audio_features,0.331
183,0.592,"thank u, next",Ariana Grande,0.778,178627.0,0.317,dance pop,6ocbgoVGwYJhOv1GgI9NsF,0.0,1.0,0.0881,-10.732,0.0,88.0,0.334,140.048,4.0,b'7 rings',audio_features,0.327
184,0.229,"thank u, next",Ariana Grande,0.717,207320.0,0.653,dance pop,3e9HZxeyfWwjeyPAMmWSSQ,0.0,1.0,0.101,-5.634,1.0,86.0,0.0658,106.966,4.0,"b'thank u, next'",audio_features,0.412
185,0.0421,"thank u, next",Ariana Grande,0.726,190440.0,0.554,dance pop,4kV4N9D1iKVxx1KLvtTpjS,0.0,5.0,0.106,-5.29,0.0,82.0,0.0917,169.999,4.0,"b""break up with your girlfriend, i'm bored""",audio_features,0.335
186,0.768,"WHEN WE ALL FALL ASLEEP, WHERE DO WE GO?",Billie Eilish,0.0,13578.0,0.278,electropop,0rQtoQXQfwpDW0c7Fw1NeM,0.0,1.0,0.669,-21.63,1.0,20.0,0.0,0.0,0.0,b'!!!!!!!',audio_features,0.0
187,0.328,"WHEN WE ALL FALL ASLEEP, WHERE DO WE GO?",Billie Eilish,0.701,194088.0,0.425,electropop,2Fxmhks0bxGSBdJ92vM42m,0.13,7.0,0.1,-10.965,1.0,93.0,0.375,135.128,4.0,b'bad guy',audio_features,0.562
188,0.751,"WHEN WE ALL FALL ASLEEP, WHERE DO WE GO?",Billie Eilish,0.521,243725.0,0.125,electropop,4QIo4oxwzzafcBWkKjDpXY,0.00207,9.0,0.265,-17.832,1.0,82.0,0.239,111.554,4.0,b'xanny',audio_features,0.0528
189,0.462,"WHEN WE ALL FALL ASLEEP, WHERE DO WE GO?",Billie Eilish,0.678,180953.0,0.533,electropop,3XF5xLJHOQQRbWya6hBp7d,0.219,4.0,0.139,-10.485,1.0,84.0,0.186,150.455,4.0,b'you should see me in a crown',audio_features,0.323
190,0.283,"WHEN WE ALL FALL ASLEEP, WHERE DO WE GO?",Billie Eilish,0.726,168840.0,0.444,electropop,6IRdLKIyS4p7XNiP8r6rsx,0.143,8.0,0.177,-8.922,0.0,84.0,0.372,185.044,4.0,b'all the good girls go to hell',audio_features,0.569
191,0.39,"WHEN WE ALL FALL ASLEEP, WHERE DO WE GO?",Billie Eilish,0.853,221543.0,0.351,electropop,3Fj47GNK2kUF0uaEDgXLaD,9.38e-06,7.0,0.752,-10.198,1.0,84.0,0.241,118.028,4.0,b'wish you were gay',audio_features,0.282
192,0.978,"WHEN WE ALL FALL ASLEEP, WHERE DO WE GO?",Billie Eilish,0.367,196077.0,0.111,electropop,43zdsphuZLzwA9k4DJhU0I,3.97e-05,4.0,0.0897,-14.084,1.0,89.0,0.0972,82.642,4.0,"b""when the party's over""",audio_features,0.198
193,0.698,"WHEN WE ALL FALL ASLEEP, WHERE DO WE GO?",Billie Eilish,0.735,173202.0,0.235,electropop,6X29iaaazwho3ab7GNue5r,0.00604,3.0,0.107,-13.239,1.0,79.0,0.315,62.446,4.0,b'8',audio_features,0.462
194,0.35,"WHEN WE ALL FALL ASLEEP, WHERE DO WE GO?",Billie Eilish,0.939,179889.0,0.305,electropop,3Tc57t9l2O8FwQZtQOvPXK,0.000169,8.0,0.105,-10.952,0.0,81.0,0.354,100.029,4.0,b'my strange addiction',audio_features,0.563
195,0.74,"WHEN WE ALL FALL ASLEEP, WHERE DO WE GO?",Billie Eilish,0.905,193143.0,0.389,electropop,4SSnFejRGlZikf02HLewEF,0.162,8.0,0.106,-14.505,1.0,85.0,0.332,120.046,4.0,b'bury a friend',audio_features,0.196
196,0.724,"WHEN WE ALL FALL ASLEEP, WHERE DO WE GO?",Billie Eilish,0.855,156371.0,0.423,electropop,7qEKqBCD2vE5vIBsrUitpD,0.469,5.0,0.0896,-15.044,0.0,81.0,0.0585,120.02,4.0,b'ilomilo',audio_features,0.572
197,0.935,"WHEN WE ALL FALL ASLEEP, WHERE DO WE GO?",Billie Eilish,0.319,242652.0,0.0561,electropop,0tMSssfxAL2oV8Vri0mFHE,0.00384,0.0,0.388,-23.023,1.0,81.0,0.045,79.764,3.0,b'listen before i go',audio_features,0.082
198,0.952,"WHEN WE ALL FALL ASLEEP, WHERE DO WE GO?",Billie Eilish,0.421,291796.0,0.131,electropop,6CcJMwBtXByIz4zQLzFkKc,0.00453,0.0,0.109,-18.435,1.0,85.0,0.0382,137.446,4.0,b'i love you',audio_features,0.12
199,0.837,"WHEN WE ALL FALL ASLEEP, WHERE DO WE GO?",Billie Eilish,0.153,119410.0,0.138,electropop,3LgWsmilsrWXiPYQFRD0T7,0.55,6.0,0.254,-21.877,0.0,77.0,0.0503,74.318,3.0,b'goodbye',audio_features,0.0503
200,0.902,everything i wanted,Billie Eilish,0.704,245426.0,0.225,electropop,3ZCTVFBt2Brf31RLEnCkWJ,0.657,6.0,0.106,-14.454,0.0,93.0,0.0994,120.006,4.0,b'everything i wanted',audio_features,0.243
201,0.252,bad guy (with Justin Bieber),Billie Eilish,0.67,194840.0,0.453,electropop,3yNZ5r3LKfdmjoS3gkhUCT,0.33,0.0,0.117,-11.265,1.0,81.0,0.295,135.055,4.0,b'bad guy (with Justin Bieber)',audio_features,0.68
202,0.853,WHEN I WAS OLDER (Music Inspired By The Film ROMA),Billie Eilish,0.696,270520.0,0.332,electropop,7tGEAA1f8MydT7eVbbO9Zy,0.433,6.0,0.0848,-12.834,1.0,73.0,0.0425,150.13,4.0,b'WHEN I WAS OLDER - Music Inspired By The Film ROMA',audio_features,0.0628
203,0.306,Music From Chasing Happiness,Jonas Brothers,0.594,193867.0,0.464,boy band,3168rScbYtTmipuz1jZcBe,0.0,0.0,0.187,-7.898,1.0,41.0,0.034,155.921,4.0,b'Please Be Mine',audio_features,0.545
204,0.000745,Music From Chasing Happiness,Jonas Brothers,0.582,153347.0,0.697,boy band,4BfmwIHuo6LITtvxFHsNnw,0.0,7.0,0.185,-3.842,1.0,42.0,0.0695,137.108,4.0,b'S.O.S.',audio_features,0.701
205,3.51e-05,Music From Chasing Happiness,Jonas Brothers,0.442,168480.0,0.961,boy band,5P7THfqqejCKAURXBvXE8P,3.59e-05,1.0,0.0619,-2.914,1.0,38.0,0.0928,103.005,4.0,b'Mandy',audio_features,0.405
206,0.0045,Music From Chasing Happiness,Jonas Brothers,0.659,201960.0,0.857,boy band,6VfAg1vxowOt4KmAMhmimP,1.93e-06,11.0,0.335,-5.85,1.0,42.0,0.0437,106.965,4.0,b'Year 3000',audio_features,0.798
207,0.00389,Music From Chasing Happiness,Jonas Brothers,0.468,164973.0,0.893,boy band,7qaicljodAhcFLwo1iOV69,0.0,11.0,0.367,-3.554,1.0,39.0,0.13,149.154,4.0,b'Hold On',audio_features,0.81
208,0.132,Music From Chasing Happiness,Jonas Brothers,0.614,220693.0,0.494,boy band,5G5BOAz7sMWNCOQnbv4ODc,0.0,4.0,0.197,-6.17,1.0,41.0,0.0536,78.897,4.0,b'Lovebug',audio_features,0.532
209,0.0299,Music From Chasing Happiness,Jonas Brothers,0.661,175093.0,0.949,boy band,1TgOpwxa0fK9gIKWi7yJRk,0.0,2.0,0.345,-3.378,1.0,41.0,0.0802,114.047,4.0,"b""Burnin' Up""",audio_features,0.837
210,0.00692,Music From Chasing Happiness,Jonas Brothers,0.369,130053.0,0.964,boy band,7xoh1Nvk3Bp47rkUdEg639,0.0,6.0,0.322,-2.827,1.0,35.0,0.143,204.169,4.0,b'I Am What I Am',audio_features,0.549
211,0.0014,Music From Chasing Happiness,Jonas Brothers,0.588,186480.0,0.792,boy band,1wp0gMMlA0JfsuJawnsV45,2.18e-06,7.0,0.0689,-3.786,1.0,35.0,0.0419,148.007,4.0,b'6 Minutes',audio_features,0.878
212,0.0511,Music From Chasing Happiness,Jonas Brothers,0.627,151000.0,0.928,boy band,1HJU1wVQzLfbZq1VW7LMON,0.0,0.0,0.163,-3.232,1.0,35.0,0.0693,105.0,4.0,b'Goodnight and Goodbye',audio_features,0.584
213,0.678,Music From Chasing Happiness,Jonas Brothers,0.315,192520.0,0.278,boy band,41PfkdzJaziz4bfkkunrq5,0.0,2.0,0.087,-9.325,1.0,50.0,0.0287,80.904,4.0,b'Jersey',audio_features,0.454
214,0.00297,Music From Chasing Happiness,Jonas Brothers,0.501,173907.0,0.941,boy band,1mLibOLnz9QMRLrXwDoiS6,0.0,4.0,0.147,-4.257,0.0,34.0,0.13,91.019,4.0,b'Video Girl',audio_features,0.71
215,0.0801,Music From Chasing Happiness,Jonas Brothers,0.855,214640.0,0.485,boy band,0LTMMYYmSMx0E6dwtF9lk3,0.000571,0.0,0.0978,-6.266,1.0,33.0,0.0286,98.237,4.0,b'Rose Garden',audio_features,0.843
216,0.00291,Music From Chasing Happiness,Jonas Brothers,0.692,207440.0,0.863,boy band,3fJRbBypx9883i6YTxz48z,0.0,5.0,0.158,-5.752,0.0,34.0,0.0358,99.972,4.0,b'Just In Love',audio_features,0.652
217,0.172,Music From Chasing Happiness,Jonas Brothers,0.769,219147.0,0.75,boy band,4AGvD3qk7A5gxbazjPCEua,0.0,4.0,0.0377,-5.453,0.0,40.0,0.0523,118.979,4.0,b'Cake By The Ocean',audio_features,0.87
218,0.0122,Music From Chasing Happiness,Jonas Brothers,0.699,223973.0,0.705,boy band,4lSkNB2fp7roRthqwD7p8k,0.0,11.0,0.395,-3.826,0.0,42.0,0.162,93.01,4.0,b'Jealous',audio_features,0.352
219,0.0144,Music From Chasing Happiness,Jonas Brothers,0.65,195200.0,0.884,boy band,3Fs3yx5ONADSdt7F9upbZJ,1.84e-06,9.0,0.827,-5.078,1.0,36.0,0.06,137.967,4.0,b'Sucker',audio_features,0.841
220,0.0427,Happiness Begins,Jonas Brothers,0.842,181027.0,0.734,boy band,22vgEDb5hykfaTwLuskFGD,0.0,1.0,0.106,-5.065,0.0,87.0,0.0588,137.958,4.0,b'Sucker',audio_features,0.952
221,0.00873,Happiness Begins,Jonas Brothers,0.683,167107.0,0.598,boy band,7yfi8B8opXjnRh4VZnOkz9,0.0,0.0,0.156,-5.487,1.0,75.0,0.0423,78.969,4.0,b'Cool',audio_features,0.62
222,0.108,Happiness Begins,Jonas Brothers,0.795,183000.0,0.496,boy band,0DiDStADDVh3SvAsoJAFMk,0.0,0.0,0.0645,-5.883,1.0,84.0,0.0722,94.01,4.0,b'Only Human',audio_features,0.874
223,0.0857,Happiness Begins,Jonas Brothers,0.749,217533.0,0.774,boy band,1vYh9x8UmFTLbXiizk9Qc5,1.14e-05,9.0,0.11,-6.221,1.0,73.0,0.12,99.019,4.0,b'I Believe',audio_features,0.35
224,0.172,Happiness Begins,Jonas Brothers,0.71,184987.0,0.517,boy band,2n6red10oCd6YhlEUp6jXy,0.0,1.0,0.0786,-6.85,1.0,61.0,0.0448,145.946,4.0,b'Used To Be',audio_features,0.176
225,0.135,Happiness Begins,Jonas Brothers,0.756,212093.0,0.685,boy band,76F54HHrw84yqAYqrAJkbr,0.0,11.0,0.123,-5.176,0.0,60.0,0.0446,151.988,4.0,b'Every Single Time',audio_features,0.91
226,0.0245,Happiness Begins,Jonas Brothers,0.731,172560.0,0.858,boy band,24eP9hGnGR6RCQvllQVkCm,0.0,1.0,0.0852,-5.082,0.0,60.0,0.0981,102.02,4.0,"b""Don't Throw it Away""",audio_features,0.732
227,0.178,Happiness Begins,Jonas Brothers,0.74,193133.0,0.337,boy band,2hgk8iKN9UdoM4ILlJ9F5N,0.0,8.0,0.0944,-6.039,1.0,66.0,0.0282,103.002,4.0,b'Love Her',audio_features,0.56
228,0.000199,Happiness Begins,Jonas Brothers,0.782,158467.0,0.793,boy band,6DibqiBTKMob2SjBwKqRfS,0.000215,7.0,0.306,-7.054,1.0,58.0,0.0399,100.987,4.0,"b""Happy When I'm Sad""",audio_features,0.906
229,0.0248,Happiness Begins,Jonas Brothers,0.806,180600.0,0.559,boy band,5MoU7TaAvgBa8W0XVwXAd7,1.63e-05,0.0,0.135,-6.329,1.0,57.0,0.0588,146.041,3.0,b'Trust',audio_features,0.671
230,0.0312,Happiness Begins,Jonas Brothers,0.594,233853.0,0.842,boy band,5md87aD3pGXRghKUbZdyh8,0.0,1.0,0.071,-4.892,1.0,60.0,0.072,129.986,4.0,b'Strangers',audio_features,0.573
231,0.227,Happiness Begins,Jonas Brothers,0.622,208840.0,0.485,boy band,7fiFJADUcHwTdYLmnZeLAy,0.0,2.0,0.0889,-7.259,1.0,63.0,0.0322,118.051,4.0,b'Hesitate',audio_features,0.236
232,0.0583,Happiness Begins,Jonas Brothers,0.697,181813.0,0.58,boy band,7dxKdQC9Vo1hDxIUnt1z0Q,0.0,11.0,0.393,-7.986,0.0,68.0,0.0451,123.977,4.0,b'Rollercoaster',audio_features,0.467
233,0.0913,Happiness Begins,Jonas Brothers,0.55,155680.0,0.553,boy band,064tgRK6FYBwikCdxaHFV1,0.0,0.0,0.111,-7.34,1.0,60.0,0.0403,145.009,4.0,b'Comeback',audio_features,0.185
234,0.0183,Like It's Christmas,Jonas Brothers,0.725,200880.0,0.571,boy band,1OjmlSFuzYflWjSMTCyTJv,0.0,1.0,0.0519,-6.007,1.0,54.0,0.102,146.035,4.0,"b""Like It's Christmas""",audio_features,0.61
235,0.0369,"Greenlight (From ""Songland"")",Jonas Brothers,0.741,180400.0,0.546,boy band,5HgbcQFIHjNcn46w8ORwhu,0.0,5.0,0.0733,-9.122,0.0,60.0,0.0713,141.978,4.0,"b'Greenlight - From ""Songland""'",audio_features,0.689
236,0.0197,Romance,Camila Cabello,0.377,219742.0,0.651,dance pop,2ogKhhoMClkFXek7ZgxAhN,5.31e-05,4.0,0.174,-5.437,0.0,71.0,0.0589,129.607,4.0,b'Shameless',audio_features,0.0851
237,0.109,Romance,Camila Cabello,0.735,194440.0,0.514,dance pop,4jFD7byoPdGkEdjHLMduR9,0.0,7.0,0.359,-5.464,1.0,68.0,0.082,77.566,4.0,b'Living Proof',audio_features,0.517
238,0.0281,Romance,Camila Cabello,0.666,200626.0,0.549,dance pop,0sHc1EEeOnmgjP6QmsR7px,0.000181,5.0,0.136,-5.781,0.0,67.0,0.0269,98.014,4.0,"b""Should've Said It""",audio_features,0.596
239,0.018,Romance,Camila Cabello,0.724,170746.0,0.491,dance pop,3yOlyBJuViE2YSGn3nVE1K,1.29e-05,8.0,0.0887,-6.024,1.0,91.0,0.0296,105.046,4.0,b'My Oh My (feat. DaBaby)',audio_features,0.383
240,0.0376,Romance,Camila Cabello,0.759,190813.0,0.539,dance pop,3BVgrFWuH01GmCUy9Y2EE8,0.0,9.0,0.0906,-6.039,0.0,59.0,0.0287,116.959,4.0,b'Se\xc3\xb1orita',audio_features,0.74
241,0.0169,Romance,Camila Cabello,0.74,207039.0,0.498,dance pop,073ILU1C3APNRGF66VhtyA,0.00282,11.0,0.319,-6.684,0.0,76.0,0.0456,98.016,4.0,b'Liar',audio_features,0.652
242,0.506,Romance,Camila Cabello,0.495,169335.0,0.308,dance pop,0Q2kFlgnqusKAqCDpCKAIY,0.0,1.0,0.247,-9.528,0.0,65.0,0.141,108.484,3.0,b'Bad Kind of Butterflies',audio_features,0.273
243,0.411,Romance,Camila Cabello,0.574,194686.0,0.593,dance pop,7DoNtK2gVFRwJh0hkHe5wQ,1.55e-06,4.0,0.0966,-5.731,0.0,70.0,0.0463,128.073,4.0,b'Easy',audio_features,0.355
244,0.842,Romance,Camila Cabello,0.516,188939.0,0.436,dance pop,39jcp8zJH7nHWbB7Hr3sFJ,0.0,0.0,0.0901,-5.568,0.0,64.0,0.0283,132.07,4.0,b'Feel It Twice',audio_features,0.376
245,0.205,Romance,Camila Cabello,0.659,222999.0,0.663,dance pop,7jJ4y8hXMLMlGBu7Zm1XZj,0.0,11.0,0.105,-6.823,1.0,65.0,0.0811,140.013,4.0,b'Dream of You',audio_features,0.333
246,0.05,Romance,Camila Cabello,0.721,189133.0,0.805,dance pop,1Ff71LUQO0KBk5Slu3K6Vu,0.0,9.0,0.153,-4.134,0.0,66.0,0.0927,118.058,4.0,b'Cry for Me',audio_features,0.653
247,0.253,Romance,Camila Cabello,0.494,220072.0,0.502,dance pop,7cHje4KLujM18aBSLvaySE,4.37e-06,8.0,0.105,-5.75,1.0,68.0,0.0329,179.643,3.0,b'This Love',audio_features,0.162
248,0.361,Romance,Camila Cabello,0.583,210002.0,0.495,dance pop,3r73OmpBtQAwMgawxOmlg0,3.35e-06,1.0,0.348,-7.681,0.0,66.0,0.0813,100.047,4.0,b'Used to This',audio_features,0.364
249,0.906,Romance,Camila Cabello,0.572,228759.0,0.292,dance pop,6TRt2bniIq0EIlrDlje7b8,1.04e-06,7.0,0.106,-7.621,1.0,74.0,0.0364,100.152,4.0,b'First Man',audio_features,0.223
250,0.109,Living Proof,Camila Cabello,0.735,194440.0,0.514,dance pop,1jg9clsGCDqOumfS0X5xm9,0.0,7.0,0.359,-5.464,1.0,71.0,0.082,77.566,4.0,b'Living Proof',audio_features,0.517
251,0.411,Easy,Camila Cabello,0.574,194686.0,0.593,dance pop,46D0hYb1B7qiU33VtXt21W,1.55e-06,4.0,0.0966,-5.731,0.0,75.0,0.0463,128.073,4.0,b'Easy',audio_features,0.355
252,0.05,Cry for Me,Camila Cabello,0.721,189133.0,0.805,dance pop,40nPimvmG05WYS7983bawZ,0.0,9.0,0.153,-4.134,0.0,66.0,0.0927,118.058,4.0,b'Cry for Me',audio_features,0.653
253,0.0197,Shameless,Camila Cabello,0.377,219742.0,0.651,dance pop,3UYiU57SMiAS5LqolhHJw1,5.31e-05,4.0,0.174,-5.437,0.0,73.0,0.0588,129.698,4.0,b'Shameless',audio_features,0.0851
254,0.0169,Liar,Camila Cabello,0.74,207039.0,0.498,dance pop,7LzouaWGFCy4tkXDOOnEyM,0.00282,11.0,0.319,-6.684,0.0,81.0,0.0456,98.016,4.0,b'Liar',audio_features,0.652
255,0.148,South of the Border (feat. Camila Cabello & Cardi B),Camila Cabello,0.857,204467.0,0.621,dance pop,1pPWLAfELypeAmi0bMdEXu,0.0,9.0,0.0865,-6.376,0.0,51.0,0.0824,97.986,4.0,b'South of the Border (feat. Camila Cabello & Cardi B)',audio_features,0.668
256,0.0639,Find U Again (MK Remix),Camila Cabello,0.63,229753.0,0.96,dance pop,1Yk6VWzkYzpDarxEVmrz7O,0.389,5.0,0.0607,-5.564,1.0,50.0,0.0432,123.972,4.0,b'Find U Again - MK Remix',audio_features,0.396
257,0.037,Se√±orita,Camila Cabello,0.759,190960.0,0.54,dance pop,0TK2YIli7K1leLovkQiNik,0.0,9.0,0.0945,-6.039,0.0,90.0,0.0287,116.947,4.0,b'Se\xc3\xb1orita',audio_features,0.75
258,0.00548,Find U Again (feat. Camila Cabello),Camila Cabello,0.605,176417.0,0.664,dance pop,1HpzOCZbNWzxvvXfSGtSrX,3e-06,8.0,0.204,-7.162,1.0,73.0,0.0316,103.997,4.0,b'Find U Again (feat. Camila Cabello)',audio_features,0.164
259,0.543,Mi Persona Favorita,Camila Cabello,0.582,239972.0,0.659,dance pop,3eB9M6owEHwk4nNrZRNUwd,0.0,8.0,0.0656,-7.511,1.0,72.0,0.114,155.957,4.0,b'Mi Persona Favorita',audio_features,0.583
260,0.21,Fine Line,Harry Styles,0.448,208907.0,0.838,pop,45S5WTQEGOB1VHr1Q4FuPl,0.000131,4.0,0.131,-5.257,0.0,80.0,0.0557,139.863,4.0,b'Golden',audio_features,0.254
261,0.122,Fine Line,Harry Styles,0.548,174000.0,0.816,pop,6UelLqGlWMcVH1E5c4H7lY,0.0,0.0,0.335,-4.209,1.0,82.0,0.0465,95.39,4.0,b'Watermelon Sugar',audio_features,0.557
262,0.0237,Fine Line,Harry Styles,0.676,207133.0,0.771,pop,3jjujdWJ72nww5eGnfs2E7,7e-06,8.0,0.102,-3.675,1.0,88.0,0.0483,99.048,4.0,b'Adore You',audio_features,0.569
263,0.0392,Fine Line,Harry Styles,0.575,172213.0,0.621,pop,4jAIqgrPjKLTY9Gbez25Qb,0.0045,10.0,0.141,-8.165,0.0,86.0,0.032,101.987,4.0,b'Lights Up',audio_features,0.27
264,0.615,Fine Line,Harry Styles,0.53,259187.0,0.512,pop,2IOFZdYYkFxEHVz1w34PoL,0.00453,7.0,0.129,-9.261,1.0,79.0,0.0259,95.946,4.0,b'Cherry',audio_features,0.411
265,0.839,Fine Line,Harry Styles,0.567,240133.0,0.267,pop,1ZMiCix7XSAbfAJlEZWMCp,1.46e-06,4.0,0.089,-6.502,1.0,88.0,0.0299,110.011,4.0,b'Falling',audio_features,0.0592
266,0.618,Fine Line,Harry Styles,0.758,192080.0,0.436,pop,5JiH89mHrv9oWHlD0T326z,1.61e-05,0.0,0.335,-7.269,1.0,79.0,0.0418,104.959,4.0,b'To Be So Lonely',audio_features,0.605
267,0.000532,Fine Line,Harry Styles,0.535,362653.0,0.521,pop,6SQLk9HSNketfgs2AyIiMs,0.371,0.0,0.19,-5.942,1.0,76.0,0.0272,140.026,3.0,b'She',audio_features,0.457
268,0.000564,Fine Line,Harry Styles,0.566,221827.0,0.846,pop,6iYMfxznTBlcVOgRHab2W0,0.000795,7.0,0.121,-6.904,0.0,79.0,0.035,160.02,4.0,"b'Sunflower, Vol. 6'",audio_features,0.86
269,0.328,Fine Line,Harry Styles,0.603,189787.0,0.621,pop,5IhzJOXNE7ki0IIJbZbnGq,3.49e-05,2.0,0.119,-7.14,1.0,75.0,0.0267,94.022,4.0,b'Canyon Moon',audio_features,0.7
270,0.128,Fine Line,Harry Styles,0.653,197347.0,0.869,pop,03mMSLEJCPoGJwQhHpN5y0,2.2e-05,5.0,0.046,-3.725,1.0,73.0,0.0382,122.017,4.0,b'Treat People With Kindness',audio_features,0.697
271,0.172,Fine Line,Harry Styles,0.306,377960.0,0.347,pop,6VzcQuzTNTMFnJ6rBSaLH9,0.00013,2.0,0.0485,-8.5,1.0,77.0,0.0334,120.996,4.0,b'Fine Line',audio_features,0.0511
272,0.0237,Adore You,Harry Styles,0.676,207133.0,0.771,pop,1M4qEo4HE3PRaCOM7EXNJq,7e-06,8.0,0.102,-3.675,1.0,90.0,0.0483,99.048,4.0,b'Adore You',audio_features,0.569
273,0.122,Adore You,Harry Styles,0.548,174000.0,0.816,pop,17OkYffr0SdAcpcbwMkDDG,0.0,0.0,0.335,-4.209,1.0,59.0,0.0465,95.39,4.0,b'Watermelon Sugar',audio_features,0.557
274,0.0392,Adore You,Harry Styles,0.575,172213.0,0.621,pop,6Mt9WkHRfG8eX0f5a5JgSb,0.0045,10.0,0.141,-8.165,0.0,57.0,0.032,101.987,4.0,b'Lights Up',audio_features,0.27
275,0.122,Watermelon Sugar,Harry Styles,0.548,174000.0,0.816,pop,1e9oZCCiX42nJl0AcqriVo,0.0,0.0,0.335,-4.209,1.0,84.0,0.0465,95.39,4.0,b'Watermelon Sugar',audio_features,0.557
276,0.0392,Watermelon Sugar,Harry Styles,0.575,172213.0,0.621,pop,5aJEh9Oqdz7PRLKTpH25pB,0.0045,10.0,0.141,-8.165,0.0,64.0,0.032,101.987,4.0,b'Lights Up',audio_features,0.27
277,0.86,ASCEND,ILLENIUM,0.164,33158.0,0.0774,edm,5NMa4Z4rtWqyt6VN7h2bpo,0.849,11.0,0.146,-15.546,0.0,51.0,0.0402,182.19,5.0,b'I Care - Intro',audio_features,0.0384
278,0.0463,ASCEND,ILLENIUM,0.506,235263.0,0.744,edm,5Cevkgj9FyNRFIwY3xSCn8,6.62e-06,9.0,0.52,-3.605,1.0,63.0,0.042,76.056,4.0,b'Hold On (with Georgia Ku)',audio_features,0.396
279,0.012,ASCEND,ILLENIUM,0.643,216668.0,0.603,edm,3LxG9HkMMFP0MZuiw3O2rF,0.0,2.0,0.118,-5.416,1.0,70.0,0.0311,144.01,4.0,b'Good Things Fall Apart (with Jon Bellion)',audio_features,0.42
280,0.091,ASCEND,ILLENIUM,0.487,252913.0,0.621,edm,4HQwS0eDQ57zOER0fp7DoD,0.0,2.0,0.132,-4.676,1.0,57.0,0.0333,140.04,4.0,b'That\xe2\x80\x99s Why (with GOLDN)',audio_features,0.178
281,0.083,ASCEND,ILLENIUM,0.358,248000.0,0.896,edm,1kQ0aj0mnjd5xKrYKLZo64,0.0014,4.0,0.372,-4.547,0.0,51.0,0.159,75.192,4.0,b'Blood (with Foy Vance)',audio_features,0.1
282,0.396,ASCEND,ILLENIUM,0.275,221398.0,0.657,edm,6f1oG9hTx3NETgV6q4rkw5,0.000148,11.0,0.305,-3.9,1.0,59.0,0.0431,169.638,4.0,b'Take You Down',audio_features,0.219
283,0.0656,ASCEND,ILLENIUM,0.437,238558.0,0.688,edm,1ucn3B55IQQcQ8PPHcFtDS,0.0,5.0,0.156,-5.315,1.0,53.0,0.0364,130.114,4.0,b'All Together (with OEKIIN)',audio_features,0.193
284,0.342,ASCEND,ILLENIUM,0.582,230000.0,0.681,edm,17Efhyf4A96n0EFXKeB7Ya,0.0,5.0,0.186,-6.138,1.0,68.0,0.0458,95.995,4.0,b'Crashing (feat. Bahari)',audio_features,0.273
285,0.148,ASCEND,ILLENIUM,0.545,198286.0,0.668,edm,6tPnAqe6UNeKMoOrruBSEi,0.0,7.0,0.372,-3.962,0.0,57.0,0.0906,149.988,4.0,b'Broken Ones (with Anna Clendening)',audio_features,0.249
286,0.514,ASCEND,ILLENIUM,0.343,223405.0,0.321,edm,3cBbeY7DCckx8eEQ70AM5y,0.000505,7.0,0.232,-9.53,0.0,52.0,0.0357,119.096,5.0,b'Every Piece Of Me (with Echos)',audio_features,0.44
287,0.12,ASCEND,ILLENIUM,0.294,209893.0,0.505,edm,1SyjFJu9xk5CpYD6bm1tjl,0.0,3.0,0.0977,-8.106,1.0,14.0,0.042,85.332,1.0,b'Takeaway (with ILLENIUM & Lennon Stella)',audio_features,0.357
288,0.679,ASCEND,ILLENIUM,0.532,210423.0,0.571,edm,4pioeMejnqa4T3QAEqwVA3,0.0,1.0,0.109,-6.291,1.0,60.0,0.041,144.912,4.0,b'Sad Songs (& Said The Sky with Annika Wells)',audio_features,0.475
289,0.131,ASCEND,ILLENIUM,0.487,295890.0,0.694,edm,61sor95BL63MCvZYgKK8KM,1.46e-05,10.0,0.106,-4.049,0.0,54.0,0.0397,145.919,4.0,b'Pray (feat. Kameron Alexander)',audio_features,0.287
290,0.198,ASCEND,ILLENIUM,0.404,220730.0,0.806,edm,70YPzqSEwJvAIQ6nMs1cjY,0.0,2.0,0.114,-4.75,1.0,77.0,0.0496,148.036,4.0,b'In Your Arms (with X Ambassadors)',audio_features,0.112
291,0.047,ASCEND,ILLENIUM,0.52,277317.0,0.881,edm,6YeUIhr2njkkCBaBBrRK9j,0.000855,6.0,0.331,-4.249,0.0,55.0,0.116,180.013,4.0,b'Gorgeous (& Blanke with Bipolar Sunshine)',audio_features,0.291
292,0.985,ASCEND,ILLENIUM,0.275,41290.0,0.523,edm,68YoXtGeFsiKNnQfXtdwCv,0.456,9.0,0.331,-10.406,1.0,53.0,0.0568,69.428,3.0,b'Angel - Lonely Prelude',audio_features,0.296
293,0.597,ASCEND,ILLENIUM,0.451,270968.0,0.402,edm,2tPzQueGEjxjmBvJrYe02u,3.77e-06,9.0,0.294,-4.63,1.0,59.0,0.0286,92.93,4.0,b'Lonely (with Chandler Leighton)',audio_features,0.129
294,0.000296,Good Things Fall Apart (with Jon Bellion) [Travis Barker Remix],ILLENIUM,0.492,209954.0,0.882,edm,5EppQn6XXssuFcgtP637jT,3.22e-05,2.0,0.324,-4.212,1.0,56.0,0.039,75.011,4.0,b'Good Things Fall Apart (with Jon Bellion) [Travis Barker Remix]',audio_features,0.398
295,0.0803,Hard To Say Goodbye (feat. Chloe Angelides),ILLENIUM,0.546,197100.0,0.764,edm,50DKBnjijGJ2d0WV5nqNTS,8.84e-06,5.0,0.0971,-4.641,1.0,61.0,0.053,152.994,4.0,b'Hard To Say Goodbye (feat. Chloe Angelides)',audio_features,0.355
296,0.000187,Takeaway - The Remixes,ILLENIUM,0.468,180000.0,0.83,edm,16QhpULFOW9fE2yvXsJV6A,0.0,8.0,0.0875,-3.301,1.0,65.0,0.0727,126.835,4.0,b'Takeaway - Andrew Rayel Remix',audio_features,0.162
297,0.0592,Takeaway - The Remixes,ILLENIUM,0.683,214547.0,0.899,edm,3DVc4VCjFaBAZF9OFquQqV,1.13e-06,10.0,0.177,-4.863,0.0,61.0,0.112,120.974,4.0,b'Takeaway - Sondr Remix',audio_features,0.373
298,0.003,Takeaway - The Remixes,ILLENIUM,0.887,154667.0,0.733,edm,13nC6hGXl0rH8YQ5TMShNF,0.00543,7.0,0.0679,-3.871,0.0,35.0,0.0461,122.032,4.0,b'Takeaway - Ship Wrek Remix',audio_features,0.687
299,0.136,Takeaway - The Remixes,ILLENIUM,0.515,213253.0,0.696,edm,4xkm03zMAQXHc0QHl0V2Rm,0.0,3.0,0.238,-7.323,1.0,40.0,0.034,99.985,4.0,b'Takeaway - Pilton Remix',audio_features,0.528
300,0.00281,Takeaway - The Remixes,ILLENIUM,0.624,158707.0,0.741,edm,76EI5put5PkU2FD2rJKegT,8.6e-06,8.0,0.098,-6.612,1.0,37.0,0.0791,124.099,4.0,b'Takeaway - Owen Norton Remix',audio_features,0.347
301,0.018,Takeaway - The Remixes,ILLENIUM,0.619,196360.0,0.69,edm,3bhuHxmAB7VWWlvbYFJd13,0.0,0.0,0.666,-5.438,0.0,35.0,0.0493,110.0,4.0,b'Takeaway - DCB Remix',audio_features,0.452
302,0.763,Good Things Fall Apart (with Jon Bellion) - Stripped,ILLENIUM,0.575,208438.0,0.314,edm,4siZLgCKM0IKnD1ek6Bt4d,0.0,2.0,0.101,-7.048,1.0,60.0,0.0344,150.459,4.0,b'Good Things Fall Apart (with Jon Bellion) - Stripped',audio_features,0.653
303,0.083,Blood (with Foy Vance),ILLENIUM,0.358,248000.0,0.896,edm,3Fk8bs3cn1To3RirJk4Q8e,0.0014,4.0,0.372,-4.547,0.0,41.0,0.159,75.192,4.0,b'Blood (with Foy Vance)',audio_features,0.1
304,0.00522,Good Things Fall Apart (with Jon Bellion) [Ti√´sto's Big Room Remix],ILLENIUM,0.563,247385.0,0.81,edm,6m8SIT10j41SPpPFOknTmP,0.0,2.0,0.0846,-2.921,1.0,66.0,0.0522,129.975,4.0,"b""Good Things Fall Apart (with Jon Bellion) [Ti\xc3\xabsto's Big Room Remix]""",audio_features,0.495
305,0.0128,Good Things Fall Apart (with Jon Bellion),ILLENIUM,0.643,216668.0,0.594,edm,6pooRNiLyYpxZeIA5kJ5EX,0.0,2.0,0.118,-5.453,1.0,73.0,0.0318,144.033,4.0,b'Good Things Fall Apart (with Jon Bellion)',audio_features,0.442
306,0.0087,Pray (ft. Kameron Alexander) - Remixes,ILLENIUM,0.484,228659.0,0.619,edm,6BzTAVtYRHbEx6gQ1yMwZJ,0.0,10.0,0.109,-5.581,0.0,52.0,0.0558,163.965,4.0,b'Pray ft. Kameron Alexander (Blanke Remix)',audio_features,0.345
307,0.434,Pray (ft. Kameron Alexander) - Remixes,ILLENIUM,0.451,509584.0,0.584,edm,3AAmKTbk163fRh6yUilX7r,0.0736,1.0,0.222,-9.029,1.0,24.0,0.0994,145.958,4.0,b'Pray ft. Kameron Alexander (Frequent Remix)',audio_features,0.095
308,0.216,Pray (ft. Kameron Alexander) - Remixes,ILLENIUM,0.524,307600.0,0.853,edm,1CJo9pRcOCtKlq8XmB6bic,3.65e-05,10.0,0.0793,-1.783,0.0,30.0,0.29,75.235,4.0,b'Pray ft. Kameron Alexander (Sam Lamar Remix)',audio_features,0.259
309,0.136,Pray (feat. Kameron Alexander),ILLENIUM,0.487,295890.0,0.693,edm,6SP30VdncYypcHkkzgbqZb,1.02e-05,10.0,0.105,-4.05,0.0,50.0,0.0395,145.937,4.0,b'Pray (feat. Kameron Alexander)',audio_features,0.29
310,0.0799,"LABRINTH, SIA & DIPLO PRESENT... LSD",Diplo,0.499,116667.0,0.324,bmore,2mMQFumTaHcwMZsiNE57Um,0.0,0.0,0.352,-7.944,1.0,54.0,0.0641,119.266,4.0,"b'Welcome to the Wonderful World of (feat. Sia, Diplo, and Labrinth)'",audio_features,0.397
311,0.0288,"LABRINTH, SIA & DIPLO PRESENT... LSD",Diplo,0.607,186120.0,0.616,bmore,6k71NlTnn41Vk7RJX7CSbY,0.0439,10.0,0.138,-6.925,1.0,58.0,0.0581,184.111,4.0,"b'Angel in Your Eyes (feat. Sia, Diplo, and Labrinth)'",audio_features,0.698
312,0.0799,"LABRINTH, SIA & DIPLO PRESENT... LSD",Diplo,0.603,213707.0,0.615,bmore,4xigPf2sigSPmuFH3qCelB,6.72e-05,11.0,0.117,-4.931,0.0,76.0,0.165,158.657,4.0,"b'Genius (feat. Sia, Diplo, and Labrinth)'",audio_features,0.561
313,0.209,"LABRINTH, SIA & DIPLO PRESENT... LSD",Diplo,0.568,204093.0,0.701,bmore,100eDEmpWV5YGVCqHI0leU,1.06e-06,3.0,0.0769,-4.566,0.0,71.0,0.0426,89.969,4.0,"b'Audio (feat. Sia, Diplo, and Labrinth)'",audio_features,0.353
314,0.0077,"LABRINTH, SIA & DIPLO PRESENT... LSD",Diplo,0.69,187027.0,0.714,bmore,4lJNen4SMTIJMahALc3DcB,7.23e-05,7.0,0.191,-5.948,1.0,78.0,0.0338,112.009,4.0,"b'Thunderclouds (feat. Sia, Diplo, and Labrinth)'",audio_features,0.489
315,0.39,"LABRINTH, SIA & DIPLO PRESENT... LSD",Diplo,0.625,194733.0,0.601,bmore,0HCDvbGNsigLpkzCDwpKVr,0.0348,1.0,0.0894,-7.766,1.0,60.0,0.0285,85.967,4.0,"b'Mountains (feat. Sia, Diplo, and Labrinth)'",audio_features,0.195
316,0.0632,"LABRINTH, SIA & DIPLO PRESENT... LSD",Diplo,0.725,175827.0,0.703,bmore,6Dma0t0hOe6Bd6u5YRKF3n,0.000251,7.0,0.14,-4.641,1.0,73.0,0.0466,106.032,4.0,"b'No New Friends (feat. Sia, Diplo, and Labrinth)'",audio_features,0.638
317,0.034,"LABRINTH, SIA & DIPLO PRESENT... LSD",Diplo,0.585,195747.0,0.525,bmore,2VDTgXwf3F6kcpX4HI0BKy,2.6e-05,7.0,0.139,-5.915,0.0,60.0,0.0817,167.811,3.0,"b'Heaven Can Wait (feat. Sia, Diplo, and Labrinth)'",audio_features,0.533
318,0.934,"LABRINTH, SIA & DIPLO PRESENT... LSD",Diplo,0.398,209707.0,0.245,bmore,3j4lctlzJqDLNZjTLmc9CV,0.0,1.0,0.134,-9.215,1.0,58.0,0.0351,87.079,4.0,"b""It's Time (feat. Sia, Diplo, and Labrinth)""",audio_features,0.249
319,0.0147,"LABRINTH, SIA & DIPLO PRESENT... LSD",Diplo,0.655,162960.0,0.764,bmore,4TlbZgqxhJ6uN3tpVyjw90,8.88e-05,11.0,0.0511,-3.381,0.0,62.0,0.193,159.017,4.0,"b'Genius (feat. Sia, Diplo, and Labrinth) - Lil Wayne Remix'",audio_features,0.707
320,0.00165,On My Mind,Diplo,0.771,189268.0,0.731,bmore,5lXY6PTuWXOludKy4zDQwM,0.633,7.0,0.217,-6.574,1.0,69.0,0.0409,123.026,4.0,b'On My Mind',audio_features,0.635
321,0.00505,Techno,Diplo,0.668,208012.0,0.911,bmore,1a9pLyUSVyBveL9jeWOtBI,0.000126,4.0,0.327,-4.157,0.0,9.0,0.0593,150.03,4.0,b'Techno',audio_features,0.655
322,0.0218,Techno,Diplo,0.601,301507.0,0.976,bmore,1cayMDCGjLMwzkWNlfQ2Gk,0.00344,4.0,0.0838,-4.932,1.0,2.0,0.0707,149.975,4.0,b'Techno - Coone Remix',audio_features,0.691
323,0.00132,Samba Sujo (Remixes),Diplo,0.681,188939.0,0.911,bmore,3graiRxQpq408QIHOAs7M6,0.000802,4.0,0.0862,-6.859,0.0,41.0,0.0473,124.988,4.0,b'Samba Sujo',audio_features,0.139
324,0.00102,Samba Sujo (Remixes),Diplo,0.739,387004.0,0.934,bmore,60rm5quLJ5mwjJXjAHKB9c,0.8,9.0,0.0882,-6.494,0.0,33.0,0.0609,125.003,4.0,b'Samba Sujo - Blond:ish Remix',audio_features,0.423
325,0.00359,Samba Sujo (Remixes),Diplo,0.749,330240.0,0.736,bmore,7Feg7qVl4TOVdLsb7Bjt5P,0.851,7.0,0.181,-13.566,1.0,24.0,0.0395,125.031,4.0,b'Samba Sujo - Felix Da Housecat & Dave The Hustler Remix',audio_features,0.826
326,0.00756,Together,Ti√´sto,0.663,145728.0,0.95,big room,5UMPbGkhhURnJ4pRUatCM1,0.49,9.0,0.291,-3.297,1.0,35.0,0.0556,122.986,4.0,b'Feels So Good (feat. Kelli-Leigh)',audio_features,0.408
327,0.000753,Together,Ti√´sto,0.59,195000.0,0.888,big room,4ldSdvJ8uB1yqwbwPmWIHg,0.00535,0.0,0.817,-4.151,1.0,40.0,0.0797,128.025,4.0,b'Halfway There (feat. Lena Leon)',audio_features,0.0715
328,0.018,Together,Ti√´sto,0.732,166487.0,0.817,big room,52MTb9b74iZbt7tHr0edSj,0.000766,2.0,0.478,-4.979,1.0,40.0,0.147,126.064,4.0,"b""Can't Get Enough""",audio_features,0.332
329,0.0103,Together,Ti√´sto,0.635,166560.0,0.878,big room,66bK3z2IYq1kbTCJfbAEV7,0.538,0.0,0.338,-4.753,1.0,39.0,0.07,125.002,4.0,b'Party Time',audio_features,0.414
330,0.119,Together,Ti√´sto,0.699,155625.0,0.919,big room,47MxB1ynUy2zG0wi9AFMtF,0.0192,1.0,0.357,-3.847,1.0,33.0,0.271,128.049,4.0,b'My Whistle',audio_features,0.447
331,0.0357,Together,Ti√´sto,0.748,145310.0,0.967,big room,6CZCOVWFNzcnoHbLbxwXna,0.528,1.0,0.634,-3.592,1.0,25.0,0.427,129.984,4.0,b'Lose Control',audio_features,0.282
332,0.015,Together,Ti√´sto,0.611,187060.0,0.875,big room,1NK4H4cH7i0GZXpxJ9kwiv,0.000428,6.0,0.113,-3.917,1.0,34.0,0.0604,128.0,4.0,b'Trouble (feat. Micky Blue)',audio_features,0.304
333,0.00497,Together,Ti√´sto,0.625,199385.0,0.961,big room,1LEYy8YmUyoLTA1CW26Syv,0.841,6.0,0.626,-3.915,0.0,31.0,0.205,129.949,4.0,b'Can You Feel It',audio_features,0.426
334,0.00965,Together,Ti√´sto,0.561,215040.0,0.728,big room,0og4rAqfNVFqnqo7d8Apf3,0.00162,6.0,0.0917,-5.381,0.0,28.0,0.0408,150.048,4.0,b'Diamonds (feat. Micky Blue)',audio_features,0.252
335,0.0014,Joytime III,Marshmello,0.677,153000.0,0.947,brostep,7DyYqU6pn8blguCw3S377E,0.0688,1.0,0.0712,-3.814,1.0,58.0,0.0538,142.008,4.0,b'Down',audio_features,0.798
336,0.0084,Joytime III,Marshmello,0.422,142500.0,0.875,brostep,41MlSJxqdr60xsfYocAgRA,1.07e-06,11.0,0.396,-3.3,0.0,58.0,0.296,71.761,4.0,b'Run it Up',audio_features,0.594
337,0.00149,Joytime III,Marshmello,0.583,196000.0,0.932,brostep,4srEnH4a9pgerTW1qSGluW,0.633,8.0,0.0815,-2.485,1.0,62.0,0.0871,150.034,4.0,b'Put Yo Hands Up',audio_features,0.244
338,0.0224,Joytime III,Marshmello,0.747,162500.0,0.793,brostep,4PjUYYuloevuVVj3uq3tVk,0.533,11.0,0.341,-2.998,0.0,52.0,0.111,145.012,4.0,"b""Let's Get Down""",audio_features,0.669
339,0.0277,Joytime III,Marshmello,0.641,195028.0,0.837,brostep,1EwZrwFcKH1CKsxgHborBR,0.0,11.0,0.152,-2.947,1.0,57.0,0.182,150.047,4.0,b'Sad Songs',audio_features,0.82
340,0.000437,Joytime III,Marshmello,0.918,182857.0,0.723,brostep,58Xx6ZPFsi6bqkFFZe0GD0,0.141,0.0,0.124,-4.099,0.0,49.0,0.0653,126.046,4.0,b'Set Me Free',audio_features,0.393
341,0.0037,Joytime III,Marshmello,0.531,180998.0,0.845,brostep,4pCaBJPDbw1HFzwsQZlIgb,1.58e-05,9.0,0.275,-5.362,0.0,58.0,0.164,175.898,4.0,b'Room to Fall',audio_features,0.537
342,0.0274,Joytime III,Marshmello,0.729,189000.0,0.982,brostep,3tld41qK6W6xBMea9WIhLC,0.106,1.0,0.278,-3.028,1.0,46.0,0.0634,126.024,4.0,b'Angklung Life',audio_features,0.404
343,0.0162,Joytime III,Marshmello,0.453,148000.0,0.968,brostep,2W9QUD9YJ4SERyzu25IwbU,5.94e-05,11.0,0.153,-4.734,0.0,58.0,0.104,75.102,4.0,b'Earthquake',audio_features,0.432
344,5.12e-05,Joytime III,Marshmello,0.607,166000.0,0.875,brostep,6VEUzJzGo16QRnFvUpv4pQ,0.00318,4.0,0.445,-2.686,0.0,54.0,0.0476,146.188,4.0,b'Falling To Pieces',audio_features,0.131
345,0.0832,Joytime III,Marshmello,0.738,186000.0,0.867,brostep,5JfWqjclLkOUanKF8NHpOK,0.828,9.0,0.263,-3.033,0.0,50.0,0.127,147.016,4.0,b'Here We Go Again',audio_features,0.443
346,0.00803,Joytime III,Marshmello,0.433,237203.0,0.905,brostep,35rozLoS6QLE8HX8qswM3k,0.0,11.0,0.337,-2.171,1.0,66.0,0.101,148.149,4.0,b'Rescue Me',audio_features,0.375
347,0.0372,Joytime III,Marshmello,0.521,191000.0,0.716,brostep,4YXKVaWzHaVyDq2pVS5cgR,0.0,0.0,0.148,-4.999,1.0,65.0,0.0364,77.562,4.0,b'Proud',audio_features,0.12
348,0.0918,One Thing Right (Remixes Pt. 2),Marshmello,0.605,192555.0,0.457,brostep,4boNBVGfW0TrwDpTHhzzK0,0.0,4.0,0.189,-7.756,1.0,48.0,0.0576,87.909,4.0,b'One Thing Right - Late Night Remix',audio_features,0.349
349,0.0108,One Thing Right (Remixes Pt. 2),Marshmello,0.646,148986.0,0.792,brostep,0TrIO6sENZNH0yYGhNyLdK,0.0,1.0,0.587,-5.679,0.0,41.0,0.0661,105.052,4.0,b'One Thing Right - Koni Remix',audio_features,0.37
350,0.156,One Thing Right (Remixes Pt. 2),Marshmello,0.622,220006.0,0.716,brostep,1jAhMXPvurwvMGz1ijwCgP,0.0,4.0,0.0861,-6.217,1.0,50.0,0.0954,180.06,4.0,b'One Thing Right - Ruhde Remix',audio_features,0.32
351,0.0208,Tongue Tied (with YUNGBLUD & blackbear),Marshmello,0.628,186024.0,0.821,brostep,7jzldCBnJjpJM3epzJ85KE,0.0,1.0,0.426,-2.721,0.0,72.0,0.0525,93.001,4.0,b'Tongue Tied (with YUNGBLUD & blackbear)',audio_features,0.465
352,0.0146,One Thing Right (Remixes),Marshmello,0.682,192381.0,0.851,brostep,2M9GeaCQXrV12J0wzBxIwi,0.000834,1.0,0.0289,-7.117,0.0,66.0,0.0363,126.0,4.0,b'One Thing Right - Firebeatz Remix',audio_features,0.348
353,0.186,One Thing Right (Remixes),Marshmello,0.544,181364.0,0.529,brostep,6oyjdvxHhDvLhq7EJaVNTV,6.07e-05,1.0,0.256,-7.248,0.0,44.0,0.315,175.972,4.0,b'One Thing Right - Duke & Jones Remix',audio_features,0.598
354,0.0415,One Thing Right (Remixes),Marshmello,0.564,228706.0,0.715,brostep,5qMaTPF9U4y1NH36jqxkET,0.0,6.0,0.0923,-4.631,0.0,41.0,0.163,169.98,4.0,b'One Thing Right - PMP Remix',audio_features,0.386
355,0.116,One Thing Right (Remixes),Marshmello,0.496,174783.0,0.879,brostep,4rvbcStzi2c3xpi2LGKrd3,0.000183,1.0,0.191,-4.441,0.0,47.0,0.0675,184.004,4.0,b'One Thing Right - KDrew Remix',audio_features,0.275
356,0.0281,One Thing Right (Remixes),Marshmello,0.66,201600.0,0.912,brostep,4wqO5BabS9reang3VhqEML,3.28e-05,5.0,0.134,-4.13,1.0,41.0,0.145,150.049,4.0,b'One Thing Right - Subshock & Evangelos Remix',audio_features,0.126
357,0.0037,Room to Fall,Marshmello,0.531,180998.0,0.845,brostep,7jrsF9BVnUislifkNsooPd,1.58e-05,9.0,0.275,-5.362,0.0,49.0,0.164,175.898,4.0,b'Room to Fall',audio_features,0.537
358,0.0667,One Thing Right,Marshmello,0.659,181824.0,0.623,brostep,4hPpVbbakQNv8YTHYaOJP4,0.0,4.0,0.582,-2.253,1.0,83.0,0.0451,88.042,4.0,b'One Thing Right',audio_features,0.439
359,0.00938,Rescue Me,Marshmello,0.45,237203.0,0.896,brostep,5dLP5JbgWGZttnUv4NFJeg,0.0,11.0,0.416,-2.52,1.0,57.0,0.0882,148.126,4.0,b'Rescue Me',audio_features,0.392
360,0.0407,Light It Up,Marshmello,0.81,137448.0,0.625,brostep,2yiEd5N2cj6BwxWFNIIHyY,1.53e-06,11.0,0.118,-3.593,0.0,50.0,0.071,100.019,4.0,b'Light It Up',audio_features,0.598
361,0.0407,Light It Up (with Tyga & Chris Brown),Marshmello,0.81,137448.0,0.625,brostep,4Q8aDd3H6LF8t4eY7So9O8,1.53e-06,11.0,0.118,-3.593,0.0,68.0,0.071,100.019,4.0,b'Light It Up (with Tyga & Chris Brown)',audio_features,0.598
362,0.0511,Roll The Dice,Marshmello,0.901,147342.0,0.694,brostep,2MIYfpEKQ8zbKBdVwOaSBH,0.0,0.0,0.119,-2.828,0.0,44.0,0.27,100.066,4.0,b'Roll The Dice',audio_features,0.284
363,0.0153,Roll The Dice,Marshmello,0.902,186890.0,0.73,brostep,729WIUjxIG67whWORcTYpt,0.0,7.0,0.0933,-3.077,1.0,50.0,0.13,100.047,4.0,"b""Don't Save Me""",audio_features,0.4
364,0.00143,Roll The Dice,Marshmello,0.88,183446.0,0.799,brostep,2KhNvxincDseAVjb3q9kXF,0.0,11.0,0.111,-3.285,0.0,42.0,0.281,100.005,4.0,b'First Place',audio_features,0.275
365,0.0623,Here With Me,Marshmello,0.791,156347.0,0.565,brostep,5icOoE6VgqFKohjWWNp0Ac,0.0,5.0,0.156,-3.933,0.0,82.0,0.0439,99.961,4.0,b'Here With Me',audio_features,0.181
366,0.0125,Sell Out,Marshmello,0.605,192000.0,0.963,brostep,0e9yz3Fz7Nn6I5E4XBP8no,0.788,3.0,0.434,0.634,0.0,57.0,0.0681,145.013,4.0,b'Sell Out',audio_features,0.42
367,0.511,Hi This Is Flume (Mixtape),Flume,0.3,31000.0,0.484,australian dance,2qsEen3JNWQfEwZZRR2id6,0.0,7.0,0.565,-20.891,0.0,45.0,0.269,182.703,5.0,b'Hi This Is Flume',audio_features,0.961
368,0.00123,Hi This Is Flume (Mixtape),Flume,0.541,104889.0,0.739,australian dance,1EFPehJv13my9zvLFzGE8Z,0.0283,8.0,0.448,-6.198,0.0,57.0,0.0843,118.903,4.0,b'Ecdysis',audio_features,0.212
369,0.0361,Hi This Is Flume (Mixtape),Flume,0.509,203882.0,0.91,australian dance,5JivFvyCCaznVexlRLpZqK,0.0,0.0,0.762,-4.514,1.0,57.0,0.383,129.906,4.0,b'High Beams',audio_features,0.515
370,0.163,Hi This Is Flume (Mixtape),Flume,0.464,193732.0,0.496,australian dance,7cPO2IPraPDlGIguekShlV,0.000501,0.0,0.783,-6.688,1.0,58.0,0.0447,113.317,4.0,b'Jewel',audio_features,0.0803
371,0.468,Hi This Is Flume (Mixtape),Flume,0.512,33568.0,0.416,australian dance,2YF4eWmwwFA8fkx2IE0djt,0.867,1.0,0.126,-14.841,1.0,50.0,0.0479,126.126,4.0,b'\xe2\x95\x9c\xcf\x86\xc2\xb0\xe2\x8c\x82\xe2\x96\x8c\xe2\x95\xab\xc2\xa7\xe2\x95\x9c\xcf\x86\xc2\xb0\xe2\x8c\x82\xe2\x96\x8c\xe2\x95\xab\xc2\xa7\xe2\x95\x9c\xcf\x86\xc2\xb0\xe2\x8c\x82\xe2\x96\x8c\xe2\x95\xab\xc2\xa7\xe2\x95\x9c\xcf\x86\xc2\xb0\xe2\x8c\x82\xe2\x96\x8c\xe2\x95\xab\xc2\xa7\xe2\x95\x9c\xcf\x86\xc2\xb0\xe2\x8c\x82\xe2\x96\x8c\xe2\x95\xab\xc2\xa7\xe2\x95\x9c\xcf\x86\xc2\xb0\xe2\x8c\x82\xe2\x96\x8c\xe2\x95\xab\xc2\xa7\xe2\x95\x9c\xcf\x86\xc2\xb0\xe2\x8c\x82\xe2\x96\x8c\xe2\x95\xab\xc2\xa7\xe2\x95\x9c\xcf\x86\xc2\xb0\xe2\x8c\x82\xe2\x96\x8c\xe2\x95\xab\xc2\xa7\xe2\x95\x9c\xcf\x86\xc2\xb0\xe2\x8c\x82\xe2\x96\x8c\xe2\x95\xab\xc2\xa7\xe2\x95\x9c\xcf\x86\xc2\xb0\xe2\x8c\x82\xe2\x96\x8c\xe2\x95\xab\xc2\xa7\xe2\x95\x9c\xcf\x86\xc2\xb0\xe2\x8c\x82\xe2\x96\x8c\xe2\x95\xab\xc2\xa7\xe2\x95\x9c\xcf\x86\xc2\xb0\xe2\x8c\x82\xe2\x96\x8c\xe2\x95\xab\xc2\xa7\xe2\x95\x9c\xcf\x86\xc2\xb0\xe2\x8c\x82\xe2\x96\x8c\xe2\x95\xab\xc2\xa7\xe2\x95\x9c\xcf\x86\xc2\xb0\xe2\x8c\x82\xe2\x96\x8c\xe2\x95\xab\xc2\xa7\xe2\x95\x9c\xcf\x86\xc2\xb0\xe2\x8c\x82\xe2\x96\x8c\xe2\x95\xab\xc2\xa7\xe2\x95\x9c\xcf\x86\xc2\xb0\xe2\x8c\x82\xe2\x96\x8c\xe2\x95\xab\xc2\xa7\xe2\x95\x9c\xcf\x86\xc2\xb0\xe2\x8c\x82\xe2\x96\x8c\xe2\x95\xab\xc2\xa7\xe2\x95\x9c\xcf\x86\xc2\xb0\xe2\x8c\x82\xe2\x96\x8c',audio_features,0.0594
372,0.609,Hi This Is Flume (Mixtape),Flume,0.296,134449.0,0.74,australian dance,6exPfsexVWEsVf8MHsmASw,0.914,1.0,0.115,-6.272,1.0,52.0,0.0648,153.794,5.0,b'Dreamtime',audio_features,0.17
373,0.000657,Hi This Is Flume (Mixtape),Flume,0.202,287331.0,0.694,australian dance,5z4TlJ5NN7OQfEBq0InOvM,0.000289,1.0,0.483,-6.974,0.0,51.0,0.0412,158.865,5.0,b'Is It Cold In The Water? - Flume & Eprom Remix',audio_features,0.152
374,0.0979,Hi This Is Flume (Mixtape),Flume,0.765,184817.0,0.814,australian dance,1Ttu4TYbFIXYDFzOgfVedO,0.0,6.0,0.339,-3.399,0.0,55.0,0.434,103.023,4.0,b'How To Build A Relationship',audio_features,0.628
375,0.0111,Hi This Is Flume (Mixtape),Flume,0.755,142222.0,0.572,australian dance,0A2pSv44QouqvTdFyVpWoT,0.69,11.0,0.0723,-4.301,0.0,46.0,0.235,134.759,4.0,b'Wormhole',audio_features,0.526
376,0.0937,Hi This Is Flume (Mixtape),Flume,0.567,114645.0,0.758,australian dance,3Xuhi20r1A2FGQHAisL551,0.00249,9.0,0.601,-3.998,1.0,53.0,0.095,133.687,4.0,b'Voices',audio_features,0.242
377,0.0926,Hi This Is Flume (Mixtape),Flume,0.816,88645.0,0.75,australian dance,425KAU2QSkjYhTSDcgIHjO,0.0123,10.0,0.0592,-0.507,1.0,48.0,0.35,86.711,5.0,b'MUD',audio_features,0.718
378,0.184,Hi This Is Flume (Mixtape),Flume,0.768,106616.0,0.584,australian dance,38I7MPiXXpx3pvqkEsF25W,0.000114,0.0,0.408,-2.57,1.0,45.0,0.507,126.098,4.0,b'Upgrade',audio_features,0.355
379,0.0451,Hi This Is Flume (Mixtape),Flume,0.594,80126.0,0.712,australian dance,0ey919whlLSELPSw6cItG6,0.000137,0.0,0.647,-7.456,1.0,46.0,0.438,135.697,4.0,b'71m3',audio_features,0.35
380,0.0862,Hi This Is Flume (Mixtape),Flume,0.642,99034.0,0.869,australian dance,6bBAntbHP2JaLFpyeR3b46,0.913,1.0,0.708,-2.036,0.0,46.0,0.0914,96.904,4.0,b'Vitality',audio_features,0.188
381,0.0177,Hi This Is Flume (Mixtape),Flume,0.587,135835.0,0.866,australian dance,5sLoLqEFzmgq91nb6Q4cWv,0.0893,11.0,0.703,-3.679,0.0,47.0,0.0766,145.133,4.0,b'Daze 22.00',audio_features,0.094
382,0.0812,Hi This Is Flume (Mixtape),Flume,0.537,143981.0,0.579,australian dance,38WzEVZO8ZSroX1RJxqERp,0.173,8.0,0.21,-6.931,1.0,48.0,0.518,78.49,4.0,b'Amber',audio_features,0.231
383,0.046,Hi This Is Flume (Mixtape),Flume,0.548,217401.0,0.482,australian dance,7CGeuhEwxg4edNO5eLLCxm,0.177,4.0,0.117,-5.5,0.0,50.0,0.259,60.352,4.0,b'Spring',audio_features,0.184
384,0.357,Rushing Back (Alternate Versions),Flume,0.574,231663.0,0.612,australian dance,0Zw5wtvbA0j55fFkxS4ylQ,0.0,0.0,0.158,-4.741,1.0,41.0,0.0781,136.046,3.0,b'Rushing Back',audio_features,0.368
385,0.414,Rushing Back (Alternate Versions),Flume,0.674,142609.0,0.626,australian dance,0ky5V7K5T8fKtUSnmpWd1Q,0.00616,0.0,0.444,-4.068,1.0,49.0,0.085,135.869,3.0,b'Rushing Back - Instrumental',audio_features,0.334
386,0.319,Rushing Back (Alternate Versions),Flume,0.62,189491.0,0.6,australian dance,3TcnLnKGTIPjMsweuSUZap,0.00458,0.0,0.0826,-8.943,1.0,33.0,0.174,135.985,4.0,b'Rushing Back - Petit Biscuit Remix',audio_features,0.119
387,0.0177,Rushing Back (Alternate Versions),Flume,0.777,284928.0,0.613,australian dance,1jbi5oQuxziQ2GD32RSAIj,0.027,0.0,0.0664,-6.699,1.0,29.0,0.103,132.955,4.0,b'Rushing Back - MJ Cole Remix',audio_features,0.534
388,0.604,Rushing Back (Alternate Versions),Flume,0.552,259699.0,0.681,australian dance,7rYpomcnhU8ErwoihaiVtm,1.09e-06,0.0,0.249,-5.803,1.0,34.0,0.0503,136.038,4.0,b'Rushing Back - Live at Red Rocks',audio_features,0.272
389,0.0177,Rushing Back (MJ Cole Remix),Flume,0.777,284928.0,0.613,australian dance,5kLl5UnBsrexEJmZDjk2UU,0.027,0.0,0.0664,-6.699,1.0,43.0,0.103,132.955,4.0,b'Rushing Back - MJ Cole Remix',audio_features,0.534
390,0.319,Rushing Back (Petit Biscuit Remix),Flume,0.62,189491.0,0.6,australian dance,4MI4ZR9z3kiCimG9izONuu,0.00458,0.0,0.0826,-8.943,1.0,63.0,0.174,135.985,4.0,b'Rushing Back - Petit Biscuit Remix',audio_features,0.119
391,0.11,TIM,Avicii,0.461,180000.0,0.624,big room,6ZEYvUSgON3J5Qe1RYi3Jo,6.97e-06,4.0,0.454,-8.034,0.0,62.0,0.0298,110.003,4.0,b'Peace Of Mind (feat. Vargas & Lagola)',audio_features,0.278
392,0.0715,TIM,Avicii,0.592,277262.0,0.873,big room,0vrmHPfoBadXVr2n0m1aqZ,0.00982,9.0,0.142,-5.65,1.0,78.0,0.0275,122.011,4.0,b'Heaven',audio_features,0.516
393,0.272,TIM,Avicii,0.802,157202.0,0.645,big room,2x0RZdkZcD8QRI53XT4GI5,0.0,5.0,0.119,-6.181,0.0,81.0,0.0715,100.001,4.0,b'SOS (feat. Aloe Blacc)',audio_features,0.376
394,0.143,TIM,Avicii,0.402,191248.0,0.754,big room,1yfyIdEw5U2bD5I6gxQCxW,0.0,8.0,0.358,-4.837,1.0,70.0,0.0432,108.17,4.0,"b'Tough Love (feat. Agnes, Vargas & Lagola)'",audio_features,0.621
395,0.656,TIM,Avicii,0.745,205417.0,0.637,big room,0HZgYFimoJG9Ijy8InUWcV,6.5e-06,0.0,0.0993,-5.959,1.0,66.0,0.0512,89.995,4.0,b'Bad Reputation (feat. Joe Janiak)',audio_features,0.446
396,0.544,TIM,Avicii,0.454,183661.0,0.423,big room,3MhNgzZwFtUF6jSr6pRSkW,0.0,9.0,0.0538,-7.286,1.0,63.0,0.0552,170.162,4.0,"b""Ain't A Thing (feat. Bonn)""",audio_features,0.245
397,0.329,TIM,Avicii,0.648,171786.0,0.554,big room,6EBlOYNcZ8MrdEov9lEdV6,2.56e-05,9.0,0.0803,-7.005,1.0,70.0,0.0341,98.045,4.0,b'Hold The Line (feat. A R I Z O N A)',audio_features,0.372
398,0.225,TIM,Avicii,0.405,179479.0,0.576,big room,6NVjujGb9fnl25fjzm5dTy,8.08e-06,8.0,0.0822,-6.245,1.0,63.0,0.171,91.204,4.0,b'Freak (feat. Bonn)',audio_features,0.695
399,0.127,TIM,Avicii,0.464,187753.0,0.672,big room,5dVUSdsePmEKkq4ryfrobU,0.00299,2.0,0.322,-6.064,1.0,60.0,0.0727,114.708,3.0,b'Excuse Me Mr Sir (feat. Vargas & Lagola)',audio_features,0.492
400,0.316,TIM,Avicii,0.588,254166.0,0.601,big room,6kXNnS7JJz0nAv4XEwEmQJ,0.0,4.0,0.148,-5.983,0.0,66.0,0.0332,126.06,3.0,b'Heart Upon My Sleeve (feat. Imagine Dragons)',audio_features,0.38
401,0.303,TIM,Avicii,0.629,171726.0,0.662,big room,7zGEU6BXl2c4TxpzIAr7BI,0.0,4.0,0.0762,-5.581,1.0,62.0,0.0939,82.368,4.0,b'Never Leave Me (feat. Joe Janiak)',audio_features,0.45
402,0.228,TIM,Avicii,0.53,178958.0,0.525,big room,6aPDvttLmezuUlv60ExTH9,2.2e-06,0.0,0.0812,-8.319,1.0,65.0,0.0585,134.236,4.0,b'Fades Away (feat. Noonie Bao)',audio_features,0.225
403,0.132,Fades Away (feat. MishCatt) [Tribute Concert Version],Avicii,0.595,172559.0,0.549,big room,2Aomjzc0qNjk4uc3JYGxgc,1.45e-05,0.0,0.0873,-7.733,1.0,67.0,0.104,134.492,4.0,b'Fades Away - Tribute Concert Version',audio_features,0.165
404,0.00292,Heaven (David Guetta & MORTEN Remix),Avicii,0.572,215238.0,0.934,big room,4QAUGy6k7c3IOAhgWz52r7,0.0198,6.0,0.105,-5.053,0.0,71.0,0.0446,125.948,4.0,b'Heaven - David Guetta & MORTEN Remix',audio_features,0.204
405,0.00456,Heaven (David Guetta & MORTEN Remix),Avicii,0.633,278571.0,0.785,big room,65BSsAgyeLQN0N0BywtiQp,0.0682,6.0,0.107,-6.086,0.0,40.0,0.0509,125.971,4.0,b'Heaven - David Guetta & MORTEN Remix / Extended Version',audio_features,0.0836
406,0.00267,Tough Love (Ti√´sto Remix),Avicii,0.656,238110.0,0.906,big room,7HJ7gLfj3Qmu7PZIRYgRHo,2.54e-05,8.0,0.353,-3.425,1.0,49.0,0.0494,127.017,4.0,b'Tough Love - Ti\xc3\xabsto Remix',audio_features,0.592
407,0.0249,Tough Love (Ti√´sto Remix),Avicii,0.594,193187.0,0.935,big room,7bF6tCO3gFb8INrEDcjNT5,3.97e-06,8.0,0.637,-3.562,1.0,70.0,0.0565,127.015,4.0,b'Tough Love - Ti\xc3\xabsto Remix / Radio Edit',audio_features,0.366
408,0.00678,SOS (Laidback Luke Tribute Remix),Avicii,0.618,274839.0,0.961,big room,5hto62Fug5EIKsC3QxoaVu,0.000749,1.0,0.0689,-4.574,1.0,41.0,0.0626,123.951,4.0,b'SOS - Laidback Luke Tribute Remix',audio_features,0.542
409,0.0111,SOS (Laidback Luke Tribute Remix),Avicii,0.572,164516.0,0.915,big room,3eLdNmnRWr9gIyBcqTSSti,0.0,5.0,0.339,-4.451,0.0,71.0,0.0625,123.919,4.0,b'SOS - Laidback Luke Tribute Remix / Radio Edit',audio_features,0.678
410,0.143,Tough Love (feat. Vargas & Lagola),Avicii,0.402,191248.0,0.754,big room,0uxDHazXSSu9bSZ28LsnAN,0.0,8.0,0.358,-4.837,1.0,52.0,0.0432,108.17,4.0,b'Tough Love',audio_features,0.621
411,0.272,SOS (feat. Aloe Blacc),Avicii,0.802,157202.0,0.645,big room,0n2nEtLP3OzDdi12ziIekx,0.0,5.0,0.119,-6.181,0.0,70.0,0.0715,100.001,4.0,b'SOS',audio_features,0.376
